customer_ID,first_name,last_name,email,question_1,question_2,question_3,question_4,question_5,asdfasedf\,similarity,,,
1000001,Abigail,Lewis,abigail.lewis1000001@example.com,"Walking, Jogging, Pilates",2–3 days,Lunch,Medium,"Weight Loss, Improve Health, Training","Walking, Jogging, Pilates",2–3 days,Lunch,Medium,"Weight Loss, Improve Health, Training"
1000002,Mason,Brown,mason.brown1000002@example.com,"Jogging, Walking, Running",0–1 days,Mid-Morning,High,"Social, Reduce Stress, Build Strength",,,,,
1000003,David,Jones,david.jones1000003@example.com,"Hiking, Cycling, Walking",2–3 days,Lunch,Medium,"Social, Weight Loss, Build Strength",,,,,
1000004,Liam,Martin,liam.martin1000004@example.com,"Running, Group Fitness Class, Hiking",4–5 days,Lunch,Low,"Improve Health, Training, Social",,,,,
1000005,Samuel,Perez,samuel.perez1000005@example.com,"Running, Swimming, Jogging",4–5 days,Lunch,High,"Training, Build Strength, Social",,,,,
1000006,David,White,david.white1000006@example.com,"Yoga, Weight Training, Swimming",4–5 days,Mid-Morning,Low,"Training, Improve Health, Weight Loss",,,,,
1000007,Carter,Hernandez,carter.hernandez1000007@example.com,"Team Sports, Jogging, Swimming",4–5 days,Lunch,High,"Improve Health, Training, Social",,,,,
1000008,Emma,Miller,emma.miller1000008@example.com,"Walking, Weight Training, Hiking",0–1 days,Lunch,Low,"Training, Improve Health, Social",,,,,
1000009,Harper,Lopez,harper.lopez1000009@example.com,"Yoga, Weight Training, Group Fitness Class",0–1 days,Early Morning,Medium,"Improve Health, Training, Build Strength",,,,,
1000010,Aiden,Martin,aiden.martin1000010@example.com,"Team Sports, Yoga, Hiking",2–3 days,Lunch,Low,"Build Strength, Improve Health, Reduce Stress",,,,,
1000011,Aiden,Harris,aiden.harris1000011@example.com,"Running, Pilates, Hiking",2–3 days,Mid-Morning,High,"Build Strength, Social, Training",,,,,
1000012,Olivia,Garcia,olivia.garcia1000012@example.com,"Running, Group Fitness Class, Yoga",2–3 days,Lunch,High,"Social, Build Strength, Reduce Stress",,,,,
1000013,Benjamin,Flores,benjamin.flores1000013@example.com,"Hiking, Swimming, Group Fitness Class",2–3 days,Mid-Morning,Low,"Social, Weight Loss, Build Strength",,,,,
1000014,Ella,Jackson,ella.jackson1000014@example.com,"Team Sports, Swimming, Weight Training",2–3 days,Mid-Morning,Medium,"Training, Social, Weight Loss",,,,,
1000015,Matthew,Jones,matthew.jones1000015@example.com,"Walking, Hiking, Yoga",0–1 days,Mid-Morning,Medium,"Reduce Stress, Training, Build Strength",,,,,
1000016,Amelia,Harris,amelia.harris1000016@example.com,"Hiking, Running, Cycling",4–5 days,Early Morning,Low,"Social, Reduce Stress, Build Strength",,,,,
1000017,Abigail,Hall,abigail.hall1000017@example.com,"Pilates, Team Sports, Group Fitness Class",2–3 days,Early Morning,Medium,"Reduce Stress, Training, Build Strength",,,,,
1000018,Ethan,Martin,ethan.martin1000018@example.com,"Team Sports, Swimming, Walking",0–1 days,Lunch,High,"Training, Weight Loss, Social",,,,,
1000019,Joseph,Wilson,joseph.wilson1000019@example.com,"Running, Team Sports, Yoga",2–3 days,Lunch,Low,"Training, Build Strength, Reduce Stress",,,,,
1000020,Joseph,Rodriguez,joseph.rodriguez1000020@example.com,"Group Fitness Class, Pilates, Team Sports",4–5 days,Lunch,Medium,"Reduce Stress, Improve Health, Training",,,,,
1000021,Ava,Flores,ava.flores1000021@example.com,"Jogging, Group Fitness Class, Pilates",4–5 days,Mid-Morning,Medium,"Build Strength, Social, Improve Health",,,,,
1000022,Emma,Flores,emma.flores1000022@example.com,"Pilates, Weight Training, Hiking",0–1 days,Early Morning,Medium,"Reduce Stress, Training, Improve Health",,,,,
1000023,Layla,Adams,layla.adams1000023@example.com,"Weight Training, Group Fitness Class, Walking",4–5 days,Mid-Morning,Medium,"Build Strength, Improve Health, Reduce Stress",,,,,
1000024,Samuel,Hernandez,samuel.hernandez1000024@example.com,"Cycling, Hiking, Running",0–1 days,Mid-Morning,Medium,"Training, Weight Loss, Improve Health",,,,,
1000025,Victoria,Campbell,victoria.campbell1000025@example.com,"Weight Training, Cycling, Walking",0–1 days,Mid-Morning,Medium,"Weight Loss, Improve Health, Social",,,,,
1000026,Victoria,Torres,victoria.torres1000026@example.com,"Cycling, Yoga, Weight Training",4–5 days,Mid-Morning,High,"Training, Weight Loss, Improve Health",,,,,
1000027,Mason,Carter,mason.carter1000027@example.com,"Weight Training, Walking, Jogging",2–3 days,Mid-Morning,Low,"Reduce Stress, Improve Health, Build Strength",,,,,
1000028,Scarlett,Torres,scarlett.torres1000028@example.com,"Cycling, Swimming, Hiking",4–5 days,Lunch,Low,"Social, Reduce Stress, Weight Loss",,,,,
1000029,Charlotte,Thompson,charlotte.thompson1000029@example.com,"Walking, Yoga, Team Sports",2–3 days,Mid-Morning,Low,"Reduce Stress, Social, Improve Health",,,,,
1000030,Noah,Garcia,noah.garcia1000030@example.com,"Walking, Yoga, Running",0–1 days,Lunch,Low,"Social, Training, Weight Loss",,,,,
1000031,Charlotte,Lopez,charlotte.lopez1000031@example.com,"Yoga, Hiking, Swimming",2–3 days,Mid-Morning,High,"Weight Loss, Improve Health, Build Strength",,,,,
1000032,Wyatt,Thomas,wyatt.thomas1000032@example.com,"Running, Jogging, Group Fitness Class",0–1 days,Mid-Morning,Medium,"Improve Health, Training, Weight Loss",,,,,
1000033,Victoria,Jackson,victoria.jackson1000033@example.com,"Yoga, Running, Swimming",2–3 days,Lunch,High,"Weight Loss, Training, Reduce Stress",,,,,
1000034,Lucas,Thomas,lucas.thomas1000034@example.com,"Swimming, Hiking, Group Fitness Class",0–1 days,Early Morning,High,"Build Strength, Improve Health, Training",,,,,
1000035,Ethan,Mitchell,ethan.mitchell1000035@example.com,"Swimming, Team Sports, Group Fitness Class",4–5 days,Mid-Morning,Medium,"Reduce Stress, Build Strength, Improve Health",,,,,
1000036,Logan,Jones,logan.jones1000036@example.com,"Walking, Team Sports, Hiking",2–3 days,Mid-Morning,Medium,"Reduce Stress, Improve Health, Weight Loss",,,,,
1000037,Mason,Johnson,mason.johnson1000037@example.com,"Running, Hiking, Swimming",0–1 days,Early Morning,Medium,"Improve Health, Training, Social",,,,,
1000038,Joseph,Moore,joseph.moore1000038@example.com,"Swimming, Running, Cycling",2–3 days,Lunch,High,"Improve Health, Weight Loss, Reduce Stress",,,,,
1000039,Scarlett,Lee,scarlett.lee1000039@example.com,"Weight Training, Pilates, Group Fitness Class",4–5 days,Mid-Morning,Medium,"Build Strength, Improve Health, Reduce Stress",,,,,
1000040,Lucas,Nelson,lucas.nelson1000040@example.com,"Group Fitness Class, Cycling, Walking",0–1 days,Lunch,Medium,"Social, Weight Loss, Improve Health",,,,,
1000041,Oliver,Allen,oliver.allen1000041@example.com,"Swimming, Pilates, Group Fitness Class",4–5 days,Lunch,Medium,"Training, Improve Health, Weight Loss",,,,,
1000042,Emily,Scott,emily.scott1000042@example.com,"Weight Training, Jogging, Walking",2–3 days,Mid-Morning,Medium,"Reduce Stress, Social, Build Strength",,,,,
1000043,Harper,Anderson,harper.anderson1000043@example.com,"Jogging, Hiking, Walking",2–3 days,Early Morning,Medium,"Weight Loss, Build Strength, Social",,,,,
1000044,Penelope,Flores,penelope.flores1000044@example.com,"Walking, Group Fitness Class, Pilates",2–3 days,Mid-Morning,High,"Social, Reduce Stress, Weight Loss",,,,,
1000045,Emma,Perez,emma.perez1000045@example.com,"Team Sports, Weight Training, Group Fitness Class",4–5 days,Mid-Morning,Medium,"Build Strength, Training, Weight Loss",,,,,
1000046,Jacob,Hill,jacob.hill1000046@example.com,"Weight Training, Yoga, Team Sports",4–5 days,Mid-Morning,High,"Build Strength, Weight Loss, Reduce Stress",,,,,
1000047,Aria,Mitchell,aria.mitchell1000047@example.com,"Yoga, Swimming, Jogging",0–1 days,Early Morning,Low,"Weight Loss, Reduce Stress, Improve Health",,,,,
1000048,Sofia,Smith,sofia.smith1000048@example.com,"Group Fitness Class, Jogging, Weight Training",2–3 days,Mid-Morning,Medium,"Weight Loss, Training, Reduce Stress",,,,,
1000049,Aria,Wright,aria.wright1000049@example.com,"Weight Training, Yoga, Jogging",0–1 days,Mid-Morning,Low,"Training, Weight Loss, Reduce Stress",,,,,
1000050,Avery,Walker,avery.walker1000050@example.com,"Team Sports, Walking, Running",4–5 days,Lunch,Low,"Reduce Stress, Training, Weight Loss",,,,,
1000051,Matthew,Lewis,matthew.lewis1000051@example.com,"Swimming, Cycling, Jogging",4–5 days,Mid-Morning,Medium,"Social, Improve Health, Reduce Stress",,,,,
1000052,Penelope,Jackson,penelope.jackson1000052@example.com,"Pilates, Group Fitness Class, Hiking",0–1 days,Mid-Morning,High,"Training, Social, Build Strength",,,,,
1000053,Mason,Adams,mason.adams1000053@example.com,"Pilates, Team Sports, Swimming",0–1 days,Mid-Morning,Low,"Improve Health, Weight Loss, Reduce Stress",,,,,
1000054,Camila,Perez,camila.perez1000054@example.com,"Yoga, Swimming, Weight Training",4–5 days,Mid-Morning,Medium,"Weight Loss, Training, Build Strength",,,,,
1000055,Emma,Davis,emma.davis1000055@example.com,"Cycling, Group Fitness Class, Walking",2–3 days,Mid-Morning,Low,"Build Strength, Social, Reduce Stress",,,,,
1000056,Liam,Hill,liam.hill1000056@example.com,"Group Fitness Class, Yoga, Walking",4–5 days,Early Morning,Medium,"Reduce Stress, Social, Training",,,,,
1000057,Joseph,Young,joseph.young1000057@example.com,"Team Sports, Cycling, Running",0–1 days,Mid-Morning,Medium,"Build Strength, Social, Reduce Stress",,,,,
1000058,Lucas,Torres,lucas.torres1000058@example.com,"Jogging, Weight Training, Hiking",0–1 days,Mid-Morning,High,"Training, Social, Improve Health",,,,,
1000059,Carter,Nelson,carter.nelson1000059@example.com,"Pilates, Running, Weight Training",0–1 days,Mid-Morning,High,"Social, Weight Loss, Training",,,,,
1000060,Camila,Johnson,camila.johnson1000060@example.com,"Weight Training, Cycling, Swimming",0–1 days,Lunch,Low,"Social, Build Strength, Training",,,,,
1000061,Amelia,Torres,amelia.torres1000061@example.com,"Team Sports, Weight Training, Group Fitness Class",0–1 days,Mid-Morning,High,"Build Strength, Reduce Stress, Improve Health",,,,,
1000062,Michael,Young,michael.young1000062@example.com,"Jogging, Pilates, Team Sports",4–5 days,Early Morning,Low,"Social, Improve Health, Reduce Stress",,,,,
1000063,Henry,Smith,henry.smith1000063@example.com,"Weight Training, Pilates, Jogging",0–1 days,Lunch,Low,"Improve Health, Build Strength, Weight Loss",,,,,
1000064,Carter,King,carter.king1000064@example.com,"Team Sports, Weight Training, Pilates",4–5 days,Early Morning,Medium,"Build Strength, Improve Health, Training",,,,,
1000065,Logan,Roberts,logan.roberts1000065@example.com,"Swimming, Cycling, Hiking",0–1 days,Lunch,Low,"Training, Social, Weight Loss",,,,,
1000066,Liam,Torres,liam.torres1000066@example.com,"Weight Training, Swimming, Group Fitness Class",0–1 days,Lunch,Low,"Reduce Stress, Build Strength, Improve Health",,,,,
1000067,Logan,Hernandez,logan.hernandez1000067@example.com,"Running, Weight Training, Group Fitness Class",0–1 days,Early Morning,Low,"Weight Loss, Training, Social",,,,,
1000068,Daniel,Hill,daniel.hill1000068@example.com,"Pilates, Weight Training, Hiking",0–1 days,Lunch,Low,"Improve Health, Build Strength, Social",,,,,
1000069,Michael,Lee,michael.lee1000069@example.com,"Walking, Running, Swimming",4–5 days,Lunch,High,"Weight Loss, Improve Health, Training",,,,,
1000070,Emma,Lopez,emma.lopez1000070@example.com,"Pilates, Cycling, Swimming",4–5 days,Early Morning,Low,"Improve Health, Training, Social",,,,,
1000071,Daniel,Mitchell,daniel.mitchell1000071@example.com,"Jogging, Pilates, Swimming",0–1 days,Lunch,Low,"Social, Weight Loss, Build Strength",,,,,
1000072,Penelope,Johnson,penelope.johnson1000072@example.com,"Jogging, Team Sports, Yoga",4–5 days,Mid-Morning,Medium,"Weight Loss, Build Strength, Social",,,,,
1000073,Aria,Lewis,aria.lewis1000073@example.com,"Group Fitness Class, Running, Walking",2–3 days,Mid-Morning,Low,"Build Strength, Weight Loss, Training",,,,,
1000074,Benjamin,Green,benjamin.green1000074@example.com,"Weight Training, Running, Jogging",2–3 days,Early Morning,High,"Social, Weight Loss, Reduce Stress",,,,,
1000075,Penelope,Martin,penelope.martin1000075@example.com,"Weight Training, Running, Jogging",2–3 days,Early Morning,Medium,"Weight Loss, Improve Health, Reduce Stress",,,,,
1000076,Sebastian,Williams,sebastian.williams1000076@example.com,"Cycling, Walking, Team Sports",4–5 days,Mid-Morning,High,"Reduce Stress, Improve Health, Social",,,,,
1000077,Elizabeth,Johnson,elizabeth.johnson1000077@example.com,"Jogging, Yoga, Pilates",4–5 days,Lunch,High,"Improve Health, Social, Reduce Stress",,,,,
1000078,Camila,Thomas,camila.thomas1000078@example.com,"Group Fitness Class, Yoga, Swimming",4–5 days,Mid-Morning,High,"Improve Health, Reduce Stress, Social",,,,,
1000079,Charlotte,Jones,charlotte.jones1000079@example.com,"Weight Training, Hiking, Walking",2–3 days,Lunch,High,"Training, Build Strength, Weight Loss",,,,,
1000080,Jackson,Carter,jackson.carter1000080@example.com,"Walking, Group Fitness Class, Swimming",4–5 days,Early Morning,Medium,"Build Strength, Training, Social",,,,,
1000081,Sophia,White,sophia.white1000081@example.com,"Yoga, Weight Training, Group Fitness Class",2–3 days,Early Morning,Low,"Training, Build Strength, Improve Health",,,,,
1000082,Luna,Wilson,luna.wilson1000082@example.com,"Walking, Hiking, Yoga",4–5 days,Lunch,Low,"Social, Training, Weight Loss",,,,,
1000083,Aria,White,aria.white1000083@example.com,"Hiking, Team Sports, Jogging",0–1 days,Lunch,Low,"Build Strength, Weight Loss, Reduce Stress",,,,,
1000084,Wyatt,Anderson,wyatt.anderson1000084@example.com,"Cycling, Pilates, Group Fitness Class",0–1 days,Mid-Morning,Low,"Build Strength, Improve Health, Training",,,,,
1000085,Elizabeth,Johnson,elizabeth.johnson1000085@example.com,"Team Sports, Walking, Weight Training",2–3 days,Lunch,Medium,"Training, Reduce Stress, Social",,,,,
1000086,Benjamin,Sanchez,benjamin.sanchez1000086@example.com,"Team Sports, Hiking, Yoga",4–5 days,Lunch,Medium,"Training, Improve Health, Reduce Stress",,,,,
1000087,Logan,Lewis,logan.lewis1000087@example.com,"Team Sports, Group Fitness Class, Walking",4–5 days,Lunch,Medium,"Social, Training, Weight Loss",,,,,
1000088,Wyatt,King,wyatt.king1000088@example.com,"Team Sports, Running, Group Fitness Class",0–1 days,Lunch,Medium,"Training, Weight Loss, Reduce Stress",,,,,
1000089,Scarlett,Harris,scarlett.harris1000089@example.com,"Swimming, Pilates, Walking",0–1 days,Mid-Morning,Medium,"Reduce Stress, Weight Loss, Social",,,,,
1000090,Jacob,Harris,jacob.harris1000090@example.com,"Jogging, Yoga, Group Fitness Class",4–5 days,Lunch,Low,"Social, Improve Health, Build Strength",,,,,
1000091,Oliver,Rodriguez,oliver.rodriguez1000091@example.com,"Swimming, Walking, Group Fitness Class",0–1 days,Early Morning,Low,"Improve Health, Social, Training",,,,,
1000092,Mason,Wilson,mason.wilson1000092@example.com,"Cycling, Yoga, Hiking",2–3 days,Mid-Morning,Low,"Build Strength, Improve Health, Social",,,,,
1000093,Owen,Robinson,owen.robinson1000093@example.com,"Swimming, Yoga, Walking",0–1 days,Lunch,Medium,"Training, Weight Loss, Improve Health",,,,,
1000094,Ava,Martin,ava.martin1000094@example.com,"Cycling, Pilates, Yoga",2–3 days,Mid-Morning,Low,"Improve Health, Social, Weight Loss",,,,,
1000095,Luna,Walker,luna.walker1000095@example.com,"Swimming, Team Sports, Jogging",2–3 days,Early Morning,Low,"Improve Health, Weight Loss, Build Strength",,,,,
1000096,Benjamin,Lopez,benjamin.lopez1000096@example.com,"Weight Training, Team Sports, Pilates",2–3 days,Mid-Morning,Medium,"Build Strength, Training, Improve Health",,,,,
1000097,Chloe,Jones,chloe.jones1000097@example.com,"Walking, Jogging, Hiking",4–5 days,Mid-Morning,Medium,"Weight Loss, Improve Health, Reduce Stress",,,,,
1000098,Emily,Walker,emily.walker1000098@example.com,"Weight Training, Walking, Team Sports",4–5 days,Early Morning,Medium,"Social, Build Strength, Reduce Stress",,,,,
1000099,Luna,Carter,luna.carter1000099@example.com,"Jogging, Yoga, Cycling",4–5 days,Early Morning,Medium,"Training, Improve Health, Social",,,,,
1000100,David,Carter,david.carter1000100@example.com,"Cycling, Team Sports, Jogging",4–5 days,Early Morning,Medium,"Training, Build Strength, Improve Health",,,,,
1000101,Lucas,Clark,lucas.clark1000101@example.com,"Team Sports, Running, Weight Training",0–1 days,Mid-Morning,Low,"Social, Reduce Stress, Weight Loss",,,,,
1000102,Scarlett,King,scarlett.king1000102@example.com,"Group Fitness Class, Running, Jogging",2–3 days,Mid-Morning,High,"Improve Health, Training, Reduce Stress",,,,,
1000103,Carter,Clark,carter.clark1000103@example.com,"Yoga, Cycling, Jogging",0–1 days,Lunch,Medium,"Improve Health, Reduce Stress, Build Strength",,,,,
1000104,Mason,Williams,mason.williams1000104@example.com,"Pilates, Hiking, Swimming",0–1 days,Early Morning,High,"Improve Health, Build Strength, Reduce Stress",,,,,
1000105,Victoria,Thomas,victoria.thomas1000105@example.com,"Group Fitness Class, Walking, Hiking",2–3 days,Mid-Morning,Medium,"Weight Loss, Social, Reduce Stress",,,,,
1000106,Liam,Nguyen,liam.nguyen1000106@example.com,"Cycling, Pilates, Hiking",0–1 days,Early Morning,Medium,"Weight Loss, Reduce Stress, Build Strength",,,,,
1000107,Aiden,Martinez,aiden.martinez1000107@example.com,"Hiking, Weight Training, Yoga",2–3 days,Lunch,Low,"Build Strength, Social, Improve Health",,,,,
1000108,David,Thomas,david.thomas1000108@example.com,"Group Fitness Class, Yoga, Weight Training",2–3 days,Early Morning,Medium,"Social, Weight Loss, Build Strength",,,,,
1000109,Sofia,Perez,sofia.perez1000109@example.com,"Group Fitness Class, Cycling, Hiking",2–3 days,Mid-Morning,Low,"Improve Health, Social, Build Strength",,,,,
1000110,Penelope,Flores,penelope.flores1000110@example.com,"Walking, Cycling, Swimming",2–3 days,Mid-Morning,Low,"Weight Loss, Improve Health, Reduce Stress",,,,,
1000111,Charlotte,Jones,charlotte.jones1000111@example.com,"Walking, Team Sports, Pilates",0–1 days,Mid-Morning,High,"Improve Health, Weight Loss, Social",,,,,
1000112,Matthew,Jones,matthew.jones1000112@example.com,"Hiking, Cycling, Walking",0–1 days,Early Morning,High,"Build Strength, Weight Loss, Improve Health",,,,,
1000113,Sebastian,Lee,sebastian.lee1000113@example.com,"Jogging, Cycling, Group Fitness Class",0–1 days,Mid-Morning,Medium,"Social, Improve Health, Reduce Stress",,,,,
1000114,Sebastian,Carter,sebastian.carter1000114@example.com,"Pilates, Swimming, Weight Training",2–3 days,Early Morning,Low,"Training, Reduce Stress, Improve Health",,,,,
1000115,Olivia,Jones,olivia.jones1000115@example.com,"Weight Training, Jogging, Walking",0–1 days,Mid-Morning,Low,"Build Strength, Weight Loss, Social",,,,,
1000116,Noah,Johnson,noah.johnson1000116@example.com,"Cycling, Walking, Jogging",4–5 days,Early Morning,Low,"Training, Weight Loss, Reduce Stress",,,,,
1000117,Elizabeth,Carter,elizabeth.carter1000117@example.com,"Walking, Hiking, Swimming",2–3 days,Mid-Morning,High,"Reduce Stress, Training, Weight Loss",,,,,
1000118,Ava,Walker,ava.walker1000118@example.com,"Running, Team Sports, Jogging",2–3 days,Early Morning,High,"Improve Health, Build Strength, Reduce Stress",,,,,
1000119,Sebastian,Allen,sebastian.allen1000119@example.com,"Pilates, Cycling, Running",2–3 days,Early Morning,Low,"Training, Build Strength, Improve Health",,,,,
1000120,Logan,Martinez,logan.martinez1000120@example.com,"Yoga, Swimming, Jogging",0–1 days,Mid-Morning,High,"Training, Social, Weight Loss",,,,,
1000121,Liam,Allen,liam.allen1000121@example.com,"Group Fitness Class, Running, Walking",2–3 days,Lunch,Low,"Reduce Stress, Build Strength, Social",,,,,
1000122,Sophia,Rivera,sophia.rivera1000122@example.com,"Running, Cycling, Jogging",4–5 days,Early Morning,Low,"Social, Build Strength, Improve Health",,,,,
1000123,Sofia,Robinson,sofia.robinson1000123@example.com,"Hiking, Yoga, Group Fitness Class",0–1 days,Lunch,Low,"Build Strength, Weight Loss, Improve Health",,,,,
1000124,Henry,Thompson,henry.thompson1000124@example.com,"Group Fitness Class, Running, Cycling",4–5 days,Mid-Morning,Low,"Build Strength, Improve Health, Social",,,,,
1000125,Sophia,Gonzalez,sophia.gonzalez1000125@example.com,"Running, Weight Training, Jogging",4–5 days,Mid-Morning,Medium,"Reduce Stress, Social, Training",,,,,
1000126,Avery,Jackson,avery.jackson1000126@example.com,"Jogging, Swimming, Hiking",4–5 days,Lunch,Medium,"Build Strength, Social, Reduce Stress",,,,,
1000127,Victoria,Brown,victoria.brown1000127@example.com,"Hiking, Yoga, Team Sports",4–5 days,Lunch,Medium,"Social, Build Strength, Training",,,,,
1000128,Wyatt,Jones,wyatt.jones1000128@example.com,"Pilates, Group Fitness Class, Walking",2–3 days,Lunch,High,"Improve Health, Training, Social",,,,,
1000129,Ethan,Rodriguez,ethan.rodriguez1000129@example.com,"Yoga, Walking, Weight Training",2–3 days,Lunch,Low,"Improve Health, Weight Loss, Reduce Stress",,,,,
1000130,Emily,Green,emily.green1000130@example.com,"Weight Training, Jogging, Swimming",4–5 days,Mid-Morning,Medium,"Weight Loss, Social, Build Strength",,,,,
1000131,Elizabeth,Hill,elizabeth.hill1000131@example.com,"Hiking, Weight Training, Group Fitness Class",0–1 days,Mid-Morning,Medium,"Build Strength, Weight Loss, Reduce Stress",,,,,
1000132,Elijah,Lewis,elijah.lewis1000132@example.com,"Running, Cycling, Pilates",4–5 days,Early Morning,Medium,"Improve Health, Weight Loss, Training",,,,,
1000133,Evelyn,Allen,evelyn.allen1000133@example.com,"Cycling, Running, Yoga",4–5 days,Mid-Morning,Medium,"Weight Loss, Reduce Stress, Social",,,,,
1000134,Amelia,Clark,amelia.clark1000134@example.com,"Pilates, Team Sports, Weight Training",4–5 days,Mid-Morning,High,"Social, Improve Health, Training",,,,,
1000135,Ella,Anderson,ella.anderson1000135@example.com,"Cycling, Team Sports, Hiking",2–3 days,Early Morning,Low,"Improve Health, Build Strength, Social",,,,,
1000136,Avery,Adams,avery.adams1000136@example.com,"Weight Training, Jogging, Running",0–1 days,Mid-Morning,High,"Weight Loss, Reduce Stress, Improve Health",,,,,
1000137,Logan,Taylor,logan.taylor1000137@example.com,"Group Fitness Class, Weight Training, Running",0–1 days,Lunch,Medium,"Improve Health, Training, Weight Loss",,,,,
1000138,Elijah,Ramirez,elijah.ramirez1000138@example.com,"Yoga, Swimming, Walking",4–5 days,Early Morning,High,"Weight Loss, Reduce Stress, Improve Health",,,,,
1000139,Emily,Wright,emily.wright1000139@example.com,"Yoga, Running, Weight Training",4–5 days,Early Morning,High,"Training, Improve Health, Build Strength",,,,,
1000140,Aria,Lee,aria.lee1000140@example.com,"Walking, Yoga, Team Sports",4–5 days,Mid-Morning,Medium,"Improve Health, Training, Reduce Stress",,,,,
1000141,Liam,Lewis,liam.lewis1000141@example.com,"Yoga, Group Fitness Class, Swimming",0–1 days,Mid-Morning,Medium,"Build Strength, Reduce Stress, Social",,,,,
1000142,Aria,Perez,aria.perez1000142@example.com,"Jogging, Swimming, Yoga",2–3 days,Early Morning,Low,"Improve Health, Weight Loss, Build Strength",,,,,
1000143,Luna,Taylor,luna.taylor1000143@example.com,"Cycling, Swimming, Weight Training",2–3 days,Mid-Morning,High,"Improve Health, Training, Reduce Stress",,,,,
1000144,Mia,Jones,mia.jones1000144@example.com,"Hiking, Yoga, Jogging",4–5 days,Lunch,Low,"Weight Loss, Build Strength, Training",,,,,
1000145,Michael,Martinez,michael.martinez1000145@example.com,"Cycling, Yoga, Jogging",4–5 days,Mid-Morning,Low,"Weight Loss, Build Strength, Improve Health",,,,,
1000146,Logan,Thomas,logan.thomas1000146@example.com,"Weight Training, Yoga, Cycling",4–5 days,Mid-Morning,Low,"Social, Build Strength, Weight Loss",,,,,
1000147,Olivia,Garcia,olivia.garcia1000147@example.com,"Team Sports, Pilates, Cycling",4–5 days,Lunch,High,"Weight Loss, Improve Health, Reduce Stress",,,,,
1000148,Mila,Ramirez,mila.ramirez1000148@example.com,"Hiking, Swimming, Group Fitness Class",4–5 days,Lunch,Medium,"Build Strength, Improve Health, Training",,,,,
1000149,Logan,Rodriguez,logan.rodriguez1000149@example.com,"Team Sports, Cycling, Weight Training",0–1 days,Lunch,High,"Build Strength, Training, Social",,,,,
1000150,Mia,Lee,mia.lee1000150@example.com,"Weight Training, Hiking, Jogging",2–3 days,Mid-Morning,Low,"Training, Improve Health, Reduce Stress",,,,,
1000151,Scarlett,Rodriguez,scarlett.rodriguez1000151@example.com,"Walking, Pilates, Yoga",2–3 days,Lunch,Low,"Weight Loss, Reduce Stress, Improve Health",,,,,
1000152,Penelope,White,penelope.white1000152@example.com,"Walking, Yoga, Hiking",0–1 days,Early Morning,Low,"Improve Health, Reduce Stress, Social",,,,,
1000153,Wyatt,Moore,wyatt.moore1000153@example.com,"Weight Training, Running, Yoga",0–1 days,Lunch,High,"Social, Build Strength, Improve Health",,,,,
1000154,Isabella,Ramirez,isabella.ramirez1000154@example.com,"Team Sports, Running, Weight Training",2–3 days,Mid-Morning,Low,"Social, Reduce Stress, Weight Loss",,,,,
1000155,Emily,Torres,emily.torres1000155@example.com,"Hiking, Walking, Cycling",4–5 days,Early Morning,Medium,"Reduce Stress, Social, Weight Loss",,,,,
1000156,Mila,Miller,mila.miller1000156@example.com,"Cycling, Jogging, Running",0–1 days,Early Morning,Low,"Reduce Stress, Improve Health, Social",,,,,
1000157,Camila,Roberts,camila.roberts1000157@example.com,"Running, Swimming, Team Sports",0–1 days,Lunch,High,"Improve Health, Weight Loss, Reduce Stress",,,,,
1000158,Logan,Wilson,logan.wilson1000158@example.com,"Weight Training, Group Fitness Class, Pilates",0–1 days,Mid-Morning,Low,"Improve Health, Build Strength, Training",,,,,
1000159,Olivia,Hall,olivia.hall1000159@example.com,"Walking, Team Sports, Swimming",0–1 days,Early Morning,Medium,"Build Strength, Weight Loss, Training",,,,,
1000160,Scarlett,Ramirez,scarlett.ramirez1000160@example.com,"Hiking, Swimming, Yoga",2–3 days,Mid-Morning,Medium,"Training, Build Strength, Reduce Stress",,,,,
1000161,Michael,Torres,michael.torres1000161@example.com,"Group Fitness Class, Weight Training, Cycling",2–3 days,Early Morning,Medium,"Weight Loss, Social, Build Strength",,,,,
1000162,Victoria,Sanchez,victoria.sanchez1000162@example.com,"Cycling, Walking, Yoga",4–5 days,Lunch,Medium,"Weight Loss, Improve Health, Training",,,,,
1000163,David,Baker,david.baker1000163@example.com,"Yoga, Cycling, Weight Training",0–1 days,Lunch,Medium,"Build Strength, Weight Loss, Improve Health",,,,,
1000164,Charlotte,Allen,charlotte.allen1000164@example.com,"Hiking, Group Fitness Class, Team Sports",0–1 days,Early Morning,High,"Build Strength, Social, Weight Loss",,,,,
1000165,Emily,Mitchell,emily.mitchell1000165@example.com,"Walking, Weight Training, Yoga",2–3 days,Lunch,Low,"Training, Improve Health, Weight Loss",,,,,
1000166,Scarlett,Sanchez,scarlett.sanchez1000166@example.com,"Jogging, Weight Training, Walking",2–3 days,Early Morning,Low,"Improve Health, Reduce Stress, Social",,,,,
1000167,Jackson,Wright,jackson.wright1000167@example.com,"Team Sports, Cycling, Weight Training",0–1 days,Lunch,High,"Training, Social, Reduce Stress",,,,,
1000168,Daniel,Flores,daniel.flores1000168@example.com,"Hiking, Yoga, Pilates",4–5 days,Early Morning,Low,"Improve Health, Reduce Stress, Weight Loss",,,,,
1000169,Emma,Rodriguez,emma.rodriguez1000169@example.com,"Swimming, Running, Team Sports",4–5 days,Mid-Morning,Low,"Build Strength, Weight Loss, Improve Health",,,,,
1000170,Sofia,Johnson,sofia.johnson1000170@example.com,"Weight Training, Walking, Yoga",0–1 days,Early Morning,High,"Improve Health, Build Strength, Reduce Stress",,,,,
1000171,Jacob,Lewis,jacob.lewis1000171@example.com,"Weight Training, Cycling, Walking",0–1 days,Early Morning,High,"Training, Build Strength, Reduce Stress",,,,,
1000172,Henry,Clark,henry.clark1000172@example.com,"Jogging, Cycling, Pilates",0–1 days,Mid-Morning,Medium,"Improve Health, Social, Build Strength",,,,,
1000173,Victoria,Anderson,victoria.anderson1000173@example.com,"Walking, Yoga, Pilates",0–1 days,Lunch,High,"Reduce Stress, Social, Build Strength",,,,,
1000174,Mia,King,mia.king1000174@example.com,"Cycling, Walking, Hiking",0–1 days,Early Morning,Medium,"Weight Loss, Build Strength, Training",,,,,
1000175,Luna,White,luna.white1000175@example.com,"Group Fitness Class, Hiking, Walking",2–3 days,Mid-Morning,Low,"Weight Loss, Build Strength, Training",,,,,
1000176,Benjamin,Nelson,benjamin.nelson1000176@example.com,"Group Fitness Class, Pilates, Cycling",4–5 days,Lunch,Low,"Improve Health, Training, Reduce Stress",,,,,
1000177,Ethan,Adams,ethan.adams1000177@example.com,"Pilates, Hiking, Cycling",0–1 days,Mid-Morning,Low,"Improve Health, Social, Reduce Stress",,,,,
1000178,Owen,Young,owen.young1000178@example.com,"Walking, Cycling, Pilates",2–3 days,Mid-Morning,High,"Improve Health, Social, Training",,,,,
1000179,Abigail,Harris,abigail.harris1000179@example.com,"Group Fitness Class, Running, Swimming",2–3 days,Early Morning,High,"Social, Build Strength, Reduce Stress",,,,,
1000180,Abigail,Perez,abigail.perez1000180@example.com,"Group Fitness Class, Swimming, Weight Training",4–5 days,Lunch,Low,"Build Strength, Training, Reduce Stress",,,,,
1000181,Amelia,Wilson,amelia.wilson1000181@example.com,"Group Fitness Class, Running, Team Sports",2–3 days,Lunch,Low,"Build Strength, Weight Loss, Training",,,,,
1000182,Alexander,Rivera,alexander.rivera1000182@example.com,"Team Sports, Cycling, Group Fitness Class",0–1 days,Early Morning,High,"Social, Training, Weight Loss",,,,,
1000183,Ava,Harris,ava.harris1000183@example.com,"Yoga, Weight Training, Group Fitness Class",2–3 days,Lunch,High,"Reduce Stress, Improve Health, Social",,,,,
1000184,Luna,Sanchez,luna.sanchez1000184@example.com,"Pilates, Running, Hiking",4–5 days,Early Morning,Medium,"Training, Improve Health, Build Strength",,,,,
1000185,Chloe,Lewis,chloe.lewis1000185@example.com,"Pilates, Swimming, Group Fitness Class",0–1 days,Lunch,High,"Training, Reduce Stress, Social",,,,,
1000186,Ava,Davis,ava.davis1000186@example.com,"Walking, Group Fitness Class, Team Sports",0–1 days,Mid-Morning,Medium,"Improve Health, Build Strength, Weight Loss",,,,,
1000187,Alexander,Hall,alexander.hall1000187@example.com,"Walking, Team Sports, Hiking",4–5 days,Lunch,High,"Social, Reduce Stress, Weight Loss",,,,,
1000188,Carter,Lewis,carter.lewis1000188@example.com,"Hiking, Group Fitness Class, Running",0–1 days,Lunch,Low,"Weight Loss, Social, Reduce Stress",,,,,
1000189,Michael,Lewis,michael.lewis1000189@example.com,"Pilates, Team Sports, Walking",4–5 days,Lunch,Medium,"Weight Loss, Training, Social",,,,,
1000190,Sofia,Perez,sofia.perez1000190@example.com,"Cycling, Swimming, Yoga",0–1 days,Lunch,High,"Social, Reduce Stress, Build Strength",,,,,
1000191,Aria,Rivera,aria.rivera1000191@example.com,"Cycling, Weight Training, Team Sports",0–1 days,Mid-Morning,Medium,"Reduce Stress, Build Strength, Improve Health",,,,,
1000192,Mason,Martin,mason.martin1000192@example.com,"Team Sports, Pilates, Hiking",2–3 days,Mid-Morning,Medium,"Improve Health, Build Strength, Weight Loss",,,,,
1000193,David,Adams,david.adams1000193@example.com,"Weight Training, Swimming, Pilates",4–5 days,Early Morning,Medium,"Training, Improve Health, Build Strength",,,,,
1000194,David,Taylor,david.taylor1000194@example.com,"Swimming, Group Fitness Class, Jogging",0–1 days,Early Morning,Medium,"Reduce Stress, Training, Build Strength",,,,,
1000195,Liam,Harris,liam.harris1000195@example.com,"Weight Training, Walking, Cycling",2–3 days,Early Morning,Low,"Social, Weight Loss, Training",,,,,
1000196,Jackson,Roberts,jackson.roberts1000196@example.com,"Group Fitness Class, Swimming, Running",2–3 days,Early Morning,High,"Weight Loss, Social, Reduce Stress",,,,,
1000197,Penelope,Young,penelope.young1000197@example.com,"Group Fitness Class, Walking, Yoga",2–3 days,Mid-Morning,High,"Social, Reduce Stress, Weight Loss",,,,,
1000198,Sebastian,Rivera,sebastian.rivera1000198@example.com,"Swimming, Walking, Yoga",0–1 days,Mid-Morning,High,"Social, Improve Health, Reduce Stress",,,,,
1000199,Alexander,Anderson,alexander.anderson1000199@example.com,"Walking, Cycling, Group Fitness Class",2–3 days,Mid-Morning,Low,"Build Strength, Reduce Stress, Training",,,,,
1000200,Alexander,Garcia,alexander.garcia1000200@example.com,"Swimming, Yoga, Weight Training",2–3 days,Early Morning,Medium,"Weight Loss, Improve Health, Build Strength",,,,,
1000201,Luna,Carter,luna.carter1000201@example.com,"Jogging, Pilates, Yoga",0–1 days,Lunch,High,"Weight Loss, Improve Health, Training",,,,,
1000202,Abigail,Martinez,abigail.martinez1000202@example.com,"Pilates, Walking, Group Fitness Class",4–5 days,Early Morning,High,"Improve Health, Build Strength, Training",,,,,
1000203,Mila,Ramirez,mila.ramirez1000203@example.com,"Weight Training, Team Sports, Group Fitness Class",4–5 days,Lunch,Medium,"Training, Weight Loss, Build Strength",,,,,
1000204,Ella,Carter,ella.carter1000204@example.com,"Weight Training, Group Fitness Class, Team Sports",0–1 days,Lunch,Low,"Build Strength, Social, Reduce Stress",,,,,
1000205,Daniel,Perez,daniel.perez1000205@example.com,"Hiking, Pilates, Cycling",0–1 days,Early Morning,Medium,"Build Strength, Improve Health, Training",,,,,
1000206,Ethan,Hall,ethan.hall1000206@example.com,"Running, Hiking, Jogging",2–3 days,Early Morning,Medium,"Weight Loss, Training, Reduce Stress",,,,,
1000207,Lucas,Moore,lucas.moore1000207@example.com,"Walking, Team Sports, Yoga",0–1 days,Mid-Morning,Medium,"Training, Weight Loss, Build Strength",,,,,
1000208,Abigail,Baker,abigail.baker1000208@example.com,"Weight Training, Walking, Hiking",0–1 days,Mid-Morning,High,"Training, Social, Weight Loss",,,,,
1000209,Layla,Robinson,layla.robinson1000209@example.com,"Jogging, Walking, Pilates",2–3 days,Mid-Morning,High,"Reduce Stress, Social, Build Strength",,,,,
1000210,Joseph,Hernandez,joseph.hernandez1000210@example.com,"Pilates, Swimming, Running",0–1 days,Early Morning,High,"Improve Health, Weight Loss, Social",,,,,
1000211,Mason,White,mason.white1000211@example.com,"Walking, Jogging, Swimming",0–1 days,Mid-Morning,Low,"Social, Weight Loss, Training",,,,,
1000212,Emily,Miller,emily.miller1000212@example.com,"Weight Training, Yoga, Team Sports",0–1 days,Lunch,High,"Social, Weight Loss, Build Strength",,,,,
1000213,Camila,Wright,camila.wright1000213@example.com,"Swimming, Team Sports, Group Fitness Class",2–3 days,Lunch,Medium,"Reduce Stress, Training, Social",,,,,
1000214,Elijah,Robinson,elijah.robinson1000214@example.com,"Running, Swimming, Pilates",2–3 days,Lunch,Medium,"Reduce Stress, Training, Weight Loss",,,,,
1000215,Ella,Wright,ella.wright1000215@example.com,"Swimming, Cycling, Jogging",4–5 days,Mid-Morning,Medium,"Reduce Stress, Improve Health, Social",,,,,
1000216,Elizabeth,Rodriguez,elizabeth.rodriguez1000216@example.com,"Walking, Team Sports, Hiking",0–1 days,Early Morning,Medium,"Improve Health, Build Strength, Training",,,,,
1000217,Avery,Baker,avery.baker1000217@example.com,"Team Sports, Running, Yoga",4–5 days,Lunch,Low,"Improve Health, Social, Training",,,,,
1000218,Sofia,Perez,sofia.perez1000218@example.com,"Hiking, Jogging, Team Sports",0–1 days,Lunch,Medium,"Weight Loss, Training, Social",,,,,
1000219,Camila,Clark,camila.clark1000219@example.com,"Jogging, Team Sports, Pilates",2–3 days,Early Morning,Medium,"Social, Training, Reduce Stress",,,,,
1000220,Mason,Martinez,mason.martinez1000220@example.com,"Walking, Running, Team Sports",4–5 days,Early Morning,Medium,"Reduce Stress, Improve Health, Build Strength",,,,,
1000221,Harper,Rivera,harper.rivera1000221@example.com,"Swimming, Group Fitness Class, Jogging",2–3 days,Mid-Morning,Low,"Social, Weight Loss, Improve Health",,,,,
1000222,Layla,Nelson,layla.nelson1000222@example.com,"Cycling, Swimming, Weight Training",2–3 days,Lunch,High,"Build Strength, Improve Health, Weight Loss",,,,,
1000223,Camila,Miller,camila.miller1000223@example.com,"Hiking, Walking, Team Sports",4–5 days,Early Morning,Low,"Build Strength, Training, Reduce Stress",,,,,
1000224,Carter,Harris,carter.harris1000224@example.com,"Group Fitness Class, Running, Pilates",4–5 days,Mid-Morning,High,"Weight Loss, Reduce Stress, Improve Health",,,,,
1000225,Ella,Carter,ella.carter1000225@example.com,"Jogging, Yoga, Walking",0–1 days,Mid-Morning,Medium,"Training, Reduce Stress, Improve Health",,,,,
1000226,Victoria,Harris,victoria.harris1000226@example.com,"Weight Training, Walking, Team Sports",0–1 days,Early Morning,High,"Weight Loss, Improve Health, Reduce Stress",,,,,
1000227,Olivia,Flores,olivia.flores1000227@example.com,"Hiking, Running, Cycling",4–5 days,Mid-Morning,High,"Build Strength, Reduce Stress, Improve Health",,,,,
1000228,Mila,Hernandez,mila.hernandez1000228@example.com,"Yoga, Running, Pilates",0–1 days,Lunch,Medium,"Improve Health, Weight Loss, Build Strength",,,,,
1000229,David,Anderson,david.anderson1000229@example.com,"Weight Training, Cycling, Group Fitness Class",0–1 days,Early Morning,Medium,"Weight Loss, Social, Improve Health",,,,,
1000230,Matthew,Wilson,matthew.wilson1000230@example.com,"Yoga, Cycling, Walking",4–5 days,Lunch,High,"Improve Health, Reduce Stress, Weight Loss",,,,,
1000231,Jackson,Allen,jackson.allen1000231@example.com,"Jogging, Team Sports, Swimming",2–3 days,Mid-Morning,Medium,"Weight Loss, Reduce Stress, Training",,,,,
1000232,David,Perez,david.perez1000232@example.com,"Yoga, Pilates, Weight Training",2–3 days,Early Morning,High,"Social, Weight Loss, Training",,,,,
1000233,Chloe,Mitchell,chloe.mitchell1000233@example.com,"Cycling, Swimming, Weight Training",0–1 days,Mid-Morning,Medium,"Weight Loss, Improve Health, Reduce Stress",,,,,
1000234,Sofia,Hill,sofia.hill1000234@example.com,"Group Fitness Class, Yoga, Weight Training",4–5 days,Lunch,Low,"Weight Loss, Social, Reduce Stress",,,,,
1000235,Harper,Flores,harper.flores1000235@example.com,"Pilates, Walking, Weight Training",4–5 days,Early Morning,Medium,"Social, Build Strength, Weight Loss",,,,,
1000236,Oliver,Robinson,oliver.robinson1000236@example.com,"Weight Training, Walking, Jogging",2–3 days,Lunch,High,"Reduce Stress, Weight Loss, Training",,,,,
1000237,Logan,White,logan.white1000237@example.com,"Weight Training, Jogging, Hiking",2–3 days,Lunch,High,"Weight Loss, Training, Social",,,,,
1000238,Victoria,Wright,victoria.wright1000238@example.com,"Group Fitness Class, Hiking, Yoga",4–5 days,Mid-Morning,Low,"Build Strength, Social, Reduce Stress",,,,,
1000239,Harper,Lewis,harper.lewis1000239@example.com,"Yoga, Running, Team Sports",2–3 days,Early Morning,High,"Training, Weight Loss, Build Strength",,,,,
1000240,Emma,Lee,emma.lee1000240@example.com,"Team Sports, Jogging, Weight Training",4–5 days,Early Morning,Medium,"Reduce Stress, Training, Build Strength",,,,,
1000241,David,Lopez,david.lopez1000241@example.com,"Yoga, Team Sports, Cycling",4–5 days,Mid-Morning,High,"Weight Loss, Improve Health, Training",,,,,
1000242,Emily,Jones,emily.jones1000242@example.com,"Running, Swimming, Pilates",0–1 days,Mid-Morning,High,"Build Strength, Training, Improve Health",,,,,
1000243,Logan,Torres,logan.torres1000243@example.com,"Cycling, Walking, Jogging",4–5 days,Early Morning,Low,"Improve Health, Weight Loss, Build Strength",,,,,
1000244,Aria,Williams,aria.williams1000244@example.com,"Running, Yoga, Hiking",0–1 days,Early Morning,Low,"Social, Weight Loss, Training",,,,,
1000245,Jackson,Nelson,jackson.nelson1000245@example.com,"Pilates, Hiking, Group Fitness Class",4–5 days,Mid-Morning,Medium,"Improve Health, Weight Loss, Training",,,,,
1000246,Mila,Thompson,mila.thompson1000246@example.com,"Jogging, Pilates, Yoga",0–1 days,Lunch,Low,"Improve Health, Social, Weight Loss",,,,,
1000247,David,Wright,david.wright1000247@example.com,"Yoga, Walking, Pilates",2–3 days,Early Morning,High,"Reduce Stress, Training, Social",,,,,
1000248,Liam,Hall,liam.hall1000248@example.com,"Running, Cycling, Weight Training",4–5 days,Early Morning,Low,"Training, Build Strength, Social",,,,,
1000249,Jacob,Torres,jacob.torres1000249@example.com,"Cycling, Team Sports, Walking",4–5 days,Lunch,Low,"Weight Loss, Improve Health, Social",,,,,
1000250,Victoria,King,victoria.king1000250@example.com,"Swimming, Running, Group Fitness Class",0–1 days,Mid-Morning,Medium,"Build Strength, Weight Loss, Social",,,,,
1000251,Evelyn,Thomas,evelyn.thomas1000251@example.com,"Weight Training, Walking, Running",2–3 days,Mid-Morning,Low,"Weight Loss, Improve Health, Social",,,,,
1000252,Logan,Thomas,logan.thomas1000252@example.com,"Hiking, Group Fitness Class, Team Sports",4–5 days,Mid-Morning,High,"Social, Build Strength, Improve Health",,,,,
1000253,Abigail,Clark,abigail.clark1000253@example.com,"Walking, Group Fitness Class, Team Sports",0–1 days,Early Morning,High,"Training, Reduce Stress, Build Strength",,,,,
1000254,Emily,Taylor,emily.taylor1000254@example.com,"Team Sports, Weight Training, Swimming",4–5 days,Lunch,Medium,"Weight Loss, Social, Reduce Stress",,,,,
1000255,Joseph,Gonzalez,joseph.gonzalez1000255@example.com,"Swimming, Yoga, Jogging",0–1 days,Lunch,Medium,"Improve Health, Training, Social",,,,,
1000256,Isabella,Flores,isabella.flores1000256@example.com,"Yoga, Team Sports, Hiking",2–3 days,Early Morning,Low,"Reduce Stress, Build Strength, Training",,,,,
1000257,Carter,Adams,carter.adams1000257@example.com,"Team Sports, Hiking, Swimming",2–3 days,Early Morning,Low,"Weight Loss, Social, Reduce Stress",,,,,
1000258,Mason,Nguyen,mason.nguyen1000258@example.com,"Swimming, Walking, Group Fitness Class",4–5 days,Early Morning,High,"Training, Social, Weight Loss",,,,,
1000259,Aria,Nguyen,aria.nguyen1000259@example.com,"Team Sports, Pilates, Yoga",4–5 days,Early Morning,Medium,"Social, Training, Weight Loss",,,,,
1000260,Sebastian,Nguyen,sebastian.nguyen1000260@example.com,"Running, Jogging, Weight Training",2–3 days,Mid-Morning,High,"Improve Health, Build Strength, Training",,,,,
1000261,Mila,Green,mila.green1000261@example.com,"Running, Cycling, Yoga",0–1 days,Mid-Morning,High,"Social, Improve Health, Build Strength",,,,,
1000262,Charlotte,Green,charlotte.green1000262@example.com,"Jogging, Cycling, Team Sports",4–5 days,Lunch,High,"Improve Health, Social, Weight Loss",,,,,
1000263,Camila,Martinez,camila.martinez1000263@example.com,"Team Sports, Running, Jogging",0–1 days,Lunch,High,"Training, Weight Loss, Improve Health",,,,,
1000264,Charlotte,Perez,charlotte.perez1000264@example.com,"Team Sports, Running, Group Fitness Class",4–5 days,Lunch,High,"Improve Health, Social, Training",,,,,
1000265,Noah,Clark,noah.clark1000265@example.com,"Team Sports, Walking, Pilates",2–3 days,Early Morning,Low,"Social, Weight Loss, Build Strength",,,,,
1000266,Owen,Robinson,owen.robinson1000266@example.com,"Running, Jogging, Walking",4–5 days,Early Morning,High,"Improve Health, Social, Reduce Stress",,,,,
1000267,Emily,Gonzalez,emily.gonzalez1000267@example.com,"Weight Training, Team Sports, Running",2–3 days,Mid-Morning,High,"Improve Health, Reduce Stress, Build Strength",,,,,
1000268,Luna,Flores,luna.flores1000268@example.com,"Jogging, Running, Walking",0–1 days,Early Morning,Low,"Reduce Stress, Social, Weight Loss",,,,,
1000269,Carter,Davis,carter.davis1000269@example.com,"Cycling, Group Fitness Class, Jogging",0–1 days,Lunch,Medium,"Build Strength, Reduce Stress, Training",,,,,
1000270,Jackson,Carter,jackson.carter1000270@example.com,"Weight Training, Team Sports, Group Fitness Class",0–1 days,Lunch,High,"Training, Weight Loss, Social",,,,,
1000271,Elijah,Green,elijah.green1000271@example.com,"Team Sports, Cycling, Yoga",0–1 days,Mid-Morning,Low,"Social, Build Strength, Improve Health",,,,,
1000272,Abigail,King,abigail.king1000272@example.com,"Yoga, Weight Training, Swimming",0–1 days,Lunch,Low,"Build Strength, Social, Reduce Stress",,,,,
1000273,Elizabeth,Martinez,elizabeth.martinez1000273@example.com,"Swimming, Running, Weight Training",0–1 days,Mid-Morning,Medium,"Training, Reduce Stress, Social",,,,,
1000274,Henry,Carter,henry.carter1000274@example.com,"Jogging, Walking, Cycling",0–1 days,Lunch,High,"Social, Weight Loss, Training",,,,,
1000275,Jacob,Allen,jacob.allen1000275@example.com,"Yoga, Walking, Swimming",2–3 days,Early Morning,Medium,"Improve Health, Social, Build Strength",,,,,
1000276,Scarlett,Mitchell,scarlett.mitchell1000276@example.com,"Jogging, Cycling, Weight Training",2–3 days,Lunch,Low,"Improve Health, Reduce Stress, Weight Loss",,,,,
1000277,Victoria,Campbell,victoria.campbell1000277@example.com,"Hiking, Team Sports, Pilates",0–1 days,Mid-Morning,Medium,"Weight Loss, Training, Build Strength",,,,,
1000278,Daniel,Robinson,daniel.robinson1000278@example.com,"Jogging, Weight Training, Yoga",4–5 days,Early Morning,Low,"Improve Health, Reduce Stress, Training",,,,,
1000279,Jackson,Miller,jackson.miller1000279@example.com,"Yoga, Weight Training, Swimming",0–1 days,Lunch,High,"Weight Loss, Training, Reduce Stress",,,,,
1000280,Elijah,Mitchell,elijah.mitchell1000280@example.com,"Cycling, Yoga, Running",4–5 days,Early Morning,Medium,"Improve Health, Social, Weight Loss",,,,,
1000281,Olivia,Scott,olivia.scott1000281@example.com,"Team Sports, Weight Training, Cycling",2–3 days,Mid-Morning,Medium,"Training, Build Strength, Weight Loss",,,,,
1000282,Noah,Lopez,noah.lopez1000282@example.com,"Hiking, Weight Training, Swimming",4–5 days,Early Morning,Medium,"Improve Health, Training, Reduce Stress",,,,,
1000283,Carter,Carter,carter.carter1000283@example.com,"Weight Training, Team Sports, Pilates",2–3 days,Lunch,Low,"Reduce Stress, Social, Build Strength",,,,,
1000284,Abigail,Miller,abigail.miller1000284@example.com,"Cycling, Yoga, Weight Training",2–3 days,Lunch,Medium,"Weight Loss, Build Strength, Improve Health",,,,,
1000285,Aria,Perez,aria.perez1000285@example.com,"Running, Cycling, Pilates",4–5 days,Lunch,High,"Improve Health, Reduce Stress, Training",,,,,
1000286,Mason,Wright,mason.wright1000286@example.com,"Jogging, Running, Weight Training",2–3 days,Early Morning,Low,"Build Strength, Improve Health, Training",,,,,
1000287,Chloe,Scott,chloe.scott1000287@example.com,"Hiking, Pilates, Yoga",4–5 days,Mid-Morning,Medium,"Reduce Stress, Improve Health, Training",,,,,
1000288,Liam,Lewis,liam.lewis1000288@example.com,"Jogging, Running, Group Fitness Class",2–3 days,Mid-Morning,High,"Social, Training, Build Strength",,,,,
1000289,Luna,Rivera,luna.rivera1000289@example.com,"Walking, Swimming, Hiking",0–1 days,Mid-Morning,High,"Improve Health, Training, Weight Loss",,,,,
1000290,Ethan,Clark,ethan.clark1000290@example.com,"Team Sports, Cycling, Hiking",0–1 days,Lunch,High,"Reduce Stress, Social, Build Strength",,,,,
1000291,Penelope,Sanchez,penelope.sanchez1000291@example.com,"Pilates, Team Sports, Hiking",2–3 days,Early Morning,Low,"Build Strength, Weight Loss, Reduce Stress",,,,,
1000292,Avery,Baker,avery.baker1000292@example.com,"Running, Hiking, Walking",4–5 days,Lunch,Low,"Reduce Stress, Training, Social",,,,,
1000293,Lucas,Brown,lucas.brown1000293@example.com,"Weight Training, Team Sports, Walking",4–5 days,Early Morning,High,"Reduce Stress, Improve Health, Training",,,,,
1000294,Ethan,Lopez,ethan.lopez1000294@example.com,"Group Fitness Class, Running, Hiking",4–5 days,Lunch,Low,"Training, Weight Loss, Improve Health",,,,,
1000295,Ella,Wright,ella.wright1000295@example.com,"Hiking, Running, Yoga",0–1 days,Mid-Morning,Medium,"Reduce Stress, Training, Build Strength",,,,,
1000296,David,Anderson,david.anderson1000296@example.com,"Hiking, Weight Training, Swimming",0–1 days,Mid-Morning,Low,"Reduce Stress, Social, Weight Loss",,,,,
1000297,Victoria,Moore,victoria.moore1000297@example.com,"Team Sports, Pilates, Yoga",4–5 days,Early Morning,Medium,"Build Strength, Training, Social",,,,,
1000298,Emily,Jones,emily.jones1000298@example.com,"Team Sports, Swimming, Hiking",2–3 days,Early Morning,High,"Social, Reduce Stress, Training",,,,,
1000299,Scarlett,Clark,scarlett.clark1000299@example.com,"Cycling, Hiking, Jogging",0–1 days,Mid-Morning,Low,"Training, Weight Loss, Build Strength",,,,,
1000300,Camila,Johnson,camila.johnson1000300@example.com,"Swimming, Hiking, Weight Training",4–5 days,Mid-Morning,Medium,"Social, Training, Weight Loss",,,,,
1000301,Charlotte,Nelson,charlotte.nelson1000301@example.com,"Swimming, Jogging, Weight Training",4–5 days,Lunch,Low,"Training, Reduce Stress, Build Strength",,,,,
1000302,Noah,Garcia,noah.garcia1000302@example.com,"Weight Training, Team Sports, Hiking",0–1 days,Lunch,Medium,"Weight Loss, Improve Health, Build Strength",,,,,
1000303,Amelia,King,amelia.king1000303@example.com,"Cycling, Group Fitness Class, Running",4–5 days,Early Morning,Medium,"Build Strength, Social, Reduce Stress",,,,,
1000304,Sophia,Miller,sophia.miller1000304@example.com,"Yoga, Pilates, Walking",0–1 days,Early Morning,High,"Social, Build Strength, Training",,,,,
1000305,Benjamin,Anderson,benjamin.anderson1000305@example.com,"Hiking, Cycling, Swimming",0–1 days,Lunch,Medium,"Build Strength, Social, Training",,,,,
1000306,Victoria,Brown,victoria.brown1000306@example.com,"Hiking, Cycling, Swimming",2–3 days,Lunch,Medium,"Improve Health, Weight Loss, Training",,,,,
1000307,Noah,Flores,noah.flores1000307@example.com,"Group Fitness Class, Cycling, Hiking",2–3 days,Lunch,Medium,"Improve Health, Training, Build Strength",,,,,
1000308,Elijah,Johnson,elijah.johnson1000308@example.com,"Walking, Jogging, Weight Training",0–1 days,Lunch,Medium,"Improve Health, Training, Weight Loss",,,,,
1000309,Wyatt,Sanchez,wyatt.sanchez1000309@example.com,"Pilates, Weight Training, Running",0–1 days,Lunch,Low,"Weight Loss, Reduce Stress, Social",,,,,
1000310,Camila,Martinez,camila.martinez1000310@example.com,"Pilates, Yoga, Weight Training",2–3 days,Mid-Morning,Low,"Build Strength, Weight Loss, Training",,,,,
1000311,Jacob,White,jacob.white1000311@example.com,"Running, Yoga, Team Sports",4–5 days,Lunch,High,"Training, Improve Health, Build Strength",,,,,
1000312,Scarlett,Davis,scarlett.davis1000312@example.com,"Walking, Team Sports, Running",2–3 days,Mid-Morning,Low,"Training, Build Strength, Reduce Stress",,,,,
1000313,Aiden,Lee,aiden.lee1000313@example.com,"Weight Training, Hiking, Running",4–5 days,Early Morning,Low,"Social, Weight Loss, Build Strength",,,,,
1000314,Layla,Hall,layla.hall1000314@example.com,"Jogging, Walking, Swimming",2–3 days,Early Morning,Medium,"Weight Loss, Improve Health, Social",,,,,
1000315,Lucas,Rivera,lucas.rivera1000315@example.com,"Team Sports, Cycling, Group Fitness Class",2–3 days,Early Morning,High,"Improve Health, Weight Loss, Reduce Stress",,,,,
1000316,Evelyn,Young,evelyn.young1000316@example.com,"Hiking, Yoga, Group Fitness Class",2–3 days,Early Morning,Low,"Social, Improve Health, Training",,,,,
1000317,Ava,Anderson,ava.anderson1000317@example.com,"Yoga, Weight Training, Running",4–5 days,Early Morning,Low,"Build Strength, Improve Health, Social",,,,,
1000318,Liam,Lee,liam.lee1000318@example.com,"Swimming, Yoga, Running",0–1 days,Early Morning,Medium,"Reduce Stress, Build Strength, Training",,,,,
1000319,Mason,Hall,mason.hall1000319@example.com,"Cycling, Walking, Swimming",2–3 days,Mid-Morning,Medium,"Social, Training, Weight Loss",,,,,
1000320,Charlotte,Ramirez,charlotte.ramirez1000320@example.com,"Pilates, Walking, Yoga",2–3 days,Lunch,Low,"Training, Weight Loss, Improve Health",,,,,
1000321,Luna,Scott,luna.scott1000321@example.com,"Pilates, Group Fitness Class, Hiking",4–5 days,Early Morning,High,"Improve Health, Build Strength, Training",,,,,
1000322,Daniel,Torres,daniel.torres1000322@example.com,"Jogging, Team Sports, Running",4–5 days,Mid-Morning,High,"Build Strength, Reduce Stress, Social",,,,,
1000323,Jacob,King,jacob.king1000323@example.com,"Swimming, Running, Team Sports",0–1 days,Mid-Morning,Low,"Improve Health, Build Strength, Reduce Stress",,,,,
1000324,Noah,Campbell,noah.campbell1000324@example.com,"Team Sports, Cycling, Yoga",2–3 days,Mid-Morning,Low,"Reduce Stress, Weight Loss, Build Strength",,,,,
1000325,Penelope,Sanchez,penelope.sanchez1000325@example.com,"Weight Training, Cycling, Walking",0–1 days,Mid-Morning,Low,"Build Strength, Reduce Stress, Weight Loss",,,,,
1000326,Daniel,Martin,daniel.martin1000326@example.com,"Pilates, Hiking, Team Sports",0–1 days,Early Morning,High,"Social, Build Strength, Weight Loss",,,,,
1000327,Noah,Taylor,noah.taylor1000327@example.com,"Running, Yoga, Walking",4–5 days,Lunch,Low,"Build Strength, Reduce Stress, Weight Loss",,,,,
1000328,Amelia,Perez,amelia.perez1000328@example.com,"Cycling, Team Sports, Weight Training",2–3 days,Early Morning,Medium,"Training, Social, Reduce Stress",,,,,
1000329,Isabella,Anderson,isabella.anderson1000329@example.com,"Weight Training, Yoga, Group Fitness Class",4–5 days,Early Morning,High,"Training, Weight Loss, Build Strength",,,,,
1000330,Aiden,Lewis,aiden.lewis1000330@example.com,"Team Sports, Group Fitness Class, Weight Training",4–5 days,Early Morning,High,"Weight Loss, Social, Improve Health",,,,,
1000331,Joseph,Walker,joseph.walker1000331@example.com,"Cycling, Hiking, Team Sports",0–1 days,Early Morning,High,"Reduce Stress, Social, Weight Loss",,,,,
1000332,Michael,Taylor,michael.taylor1000332@example.com,"Hiking, Running, Yoga",0–1 days,Early Morning,Low,"Improve Health, Build Strength, Training",,,,,
1000333,Ella,Clark,ella.clark1000333@example.com,"Swimming, Walking, Yoga",2–3 days,Early Morning,Low,"Reduce Stress, Weight Loss, Improve Health",,,,,
1000334,Ella,Rodriguez,ella.rodriguez1000334@example.com,"Hiking, Walking, Pilates",0–1 days,Mid-Morning,High,"Build Strength, Social, Reduce Stress",,,,,
1000335,Luna,Robinson,luna.robinson1000335@example.com,"Walking, Running, Swimming",0–1 days,Mid-Morning,Medium,"Weight Loss, Improve Health, Reduce Stress",,,,,
1000336,Alexander,Garcia,alexander.garcia1000336@example.com,"Running, Pilates, Yoga",0–1 days,Early Morning,High,"Weight Loss, Build Strength, Training",,,,,
1000337,Mila,Adams,mila.adams1000337@example.com,"Running, Cycling, Jogging",4–5 days,Early Morning,High,"Training, Social, Improve Health",,,,,
1000338,Carter,Flores,carter.flores1000338@example.com,"Jogging, Team Sports, Pilates",4–5 days,Mid-Morning,Low,"Training, Social, Reduce Stress",,,,,
1000339,Ella,Green,ella.green1000339@example.com,"Hiking, Team Sports, Jogging",2–3 days,Mid-Morning,High,"Weight Loss, Build Strength, Improve Health",,,,,
1000340,Liam,Green,liam.green1000340@example.com,"Pilates, Group Fitness Class, Yoga",2–3 days,Lunch,High,"Training, Social, Build Strength",,,,,
1000341,Jackson,Anderson,jackson.anderson1000341@example.com,"Hiking, Team Sports, Weight Training",4–5 days,Mid-Morning,High,"Reduce Stress, Improve Health, Training",,,,,
1000342,Penelope,Flores,penelope.flores1000342@example.com,"Pilates, Yoga, Hiking",2–3 days,Mid-Morning,Low,"Build Strength, Reduce Stress, Weight Loss",,,,,
1000343,Logan,Lopez,logan.lopez1000343@example.com,"Group Fitness Class, Walking, Cycling",4–5 days,Lunch,Low,"Training, Build Strength, Weight Loss",,,,,
1000344,Sophia,Martin,sophia.martin1000344@example.com,"Cycling, Swimming, Walking",4–5 days,Early Morning,High,"Social, Weight Loss, Training",,,,,
1000345,Aiden,Roberts,aiden.roberts1000345@example.com,"Team Sports, Weight Training, Cycling",2–3 days,Mid-Morning,Low,"Social, Reduce Stress, Improve Health",,,,,
1000346,Samuel,Scott,samuel.scott1000346@example.com,"Hiking, Weight Training, Yoga",2–3 days,Mid-Morning,High,"Weight Loss, Training, Reduce Stress",,,,,
1000347,Emily,Allen,emily.allen1000347@example.com,"Team Sports, Group Fitness Class, Yoga",0–1 days,Early Morning,Medium,"Reduce Stress, Training, Social",,,,,
1000348,Henry,Hall,henry.hall1000348@example.com,"Weight Training, Team Sports, Hiking",2–3 days,Mid-Morning,High,"Weight Loss, Reduce Stress, Training",,,,,
1000349,Chloe,Rivera,chloe.rivera1000349@example.com,"Cycling, Walking, Jogging",0–1 days,Early Morning,High,"Reduce Stress, Build Strength, Weight Loss",,,,,
1000350,Olivia,Martin,olivia.martin1000350@example.com,"Yoga, Running, Walking",0–1 days,Early Morning,Low,"Improve Health, Social, Reduce Stress",,,,,
1000351,Amelia,Jackson,amelia.jackson1000351@example.com,"Walking, Hiking, Team Sports",4–5 days,Lunch,High,"Build Strength, Weight Loss, Reduce Stress",,,,,
1000352,Chloe,Allen,chloe.allen1000352@example.com,"Walking, Hiking, Pilates",2–3 days,Mid-Morning,Low,"Weight Loss, Improve Health, Build Strength",,,,,
1000353,Mia,Jackson,mia.jackson1000353@example.com,"Team Sports, Weight Training, Yoga",4–5 days,Lunch,Medium,"Weight Loss, Build Strength, Reduce Stress",,,,,
1000354,Samuel,Garcia,samuel.garcia1000354@example.com,"Team Sports, Swimming, Jogging",2–3 days,Early Morning,High,"Build Strength, Improve Health, Training",,,,,
1000355,Matthew,Hall,matthew.hall1000355@example.com,"Walking, Team Sports, Group Fitness Class",0–1 days,Lunch,Low,"Weight Loss, Improve Health, Build Strength",,,,,
1000356,Sofia,Johnson,sofia.johnson1000356@example.com,"Group Fitness Class, Pilates, Jogging",2–3 days,Early Morning,High,"Build Strength, Training, Improve Health",,,,,
1000357,Abigail,Miller,abigail.miller1000357@example.com,"Team Sports, Cycling, Weight Training",2–3 days,Early Morning,Low,"Training, Build Strength, Reduce Stress",,,,,
1000358,Ethan,Hill,ethan.hill1000358@example.com,"Jogging, Team Sports, Cycling",4–5 days,Early Morning,Low,"Improve Health, Reduce Stress, Social",,,,,
1000359,Oliver,Nguyen,oliver.nguyen1000359@example.com,"Team Sports, Hiking, Swimming",4–5 days,Lunch,High,"Weight Loss, Improve Health, Reduce Stress",,,,,
1000360,David,Green,david.green1000360@example.com,"Cycling, Running, Pilates",4–5 days,Mid-Morning,Medium,"Social, Weight Loss, Training",,,,,
1000361,Sophia,Clark,sophia.clark1000361@example.com,"Walking, Swimming, Yoga",4–5 days,Early Morning,High,"Build Strength, Social, Improve Health",,,,,
1000362,Mila,Young,mila.young1000362@example.com,"Group Fitness Class, Cycling, Jogging",2–3 days,Lunch,Low,"Build Strength, Training, Reduce Stress",,,,,
1000363,Evelyn,Brown,evelyn.brown1000363@example.com,"Cycling, Running, Team Sports",4–5 days,Early Morning,Low,"Training, Social, Reduce Stress",,,,,
1000364,Chloe,Clark,chloe.clark1000364@example.com,"Swimming, Cycling, Walking",0–1 days,Mid-Morning,Medium,"Training, Reduce Stress, Build Strength",,,,,
1000365,Benjamin,Ramirez,benjamin.ramirez1000365@example.com,"Hiking, Jogging, Cycling",0–1 days,Mid-Morning,Low,"Improve Health, Training, Reduce Stress",,,,,
1000366,Sophia,Gonzalez,sophia.gonzalez1000366@example.com,"Team Sports, Pilates, Running",2–3 days,Lunch,Low,"Build Strength, Reduce Stress, Social",,,,,
1000367,Emily,Flores,emily.flores1000367@example.com,"Swimming, Walking, Hiking",0–1 days,Lunch,Medium,"Training, Social, Reduce Stress",,,,,
1000368,Amelia,Young,amelia.young1000368@example.com,"Jogging, Yoga, Group Fitness Class",4–5 days,Mid-Morning,Medium,"Social, Reduce Stress, Improve Health",,,,,
1000369,Benjamin,Baker,benjamin.baker1000369@example.com,"Running, Yoga, Group Fitness Class",2–3 days,Early Morning,Medium,"Training, Social, Improve Health",,,,,
1000370,Mason,Robinson,mason.robinson1000370@example.com,"Yoga, Weight Training, Hiking",4–5 days,Lunch,Low,"Social, Weight Loss, Reduce Stress",,,,,
1000371,Alexander,Robinson,alexander.robinson1000371@example.com,"Team Sports, Hiking, Yoga",2–3 days,Lunch,Medium,"Weight Loss, Improve Health, Reduce Stress",,,,,
1000372,Sebastian,Ramirez,sebastian.ramirez1000372@example.com,"Group Fitness Class, Cycling, Pilates",2–3 days,Lunch,Low,"Weight Loss, Build Strength, Training",,,,,
1000373,Lucas,Hall,lucas.hall1000373@example.com,"Walking, Group Fitness Class, Cycling",4–5 days,Lunch,Low,"Improve Health, Reduce Stress, Social",,,,,
1000374,Ella,Johnson,ella.johnson1000374@example.com,"Group Fitness Class, Running, Cycling",2–3 days,Mid-Morning,High,"Reduce Stress, Build Strength, Weight Loss",,,,,
1000375,Owen,Rodriguez,owen.rodriguez1000375@example.com,"Group Fitness Class, Running, Pilates",2–3 days,Mid-Morning,Medium,"Training, Build Strength, Social",,,,,
1000376,Jacob,Martin,jacob.martin1000376@example.com,"Yoga, Running, Weight Training",2–3 days,Lunch,Medium,"Improve Health, Training, Weight Loss",,,,,
1000377,Amelia,Perez,amelia.perez1000377@example.com,"Pilates, Yoga, Hiking",0–1 days,Early Morning,Medium,"Improve Health, Weight Loss, Build Strength",,,,,
1000378,Scarlett,Jones,scarlett.jones1000378@example.com,"Team Sports, Hiking, Swimming",0–1 days,Lunch,Low,"Reduce Stress, Weight Loss, Build Strength",,,,,
1000379,Ella,Brown,ella.brown1000379@example.com,"Group Fitness Class, Swimming, Jogging",0–1 days,Mid-Morning,Medium,"Improve Health, Training, Build Strength",,,,,
1000380,Aria,Moore,aria.moore1000380@example.com,"Swimming, Cycling, Walking",2–3 days,Lunch,Low,"Social, Reduce Stress, Weight Loss",,,,,
1000381,Sophia,Nguyen,sophia.nguyen1000381@example.com,"Team Sports, Cycling, Weight Training",4–5 days,Early Morning,Medium,"Social, Training, Build Strength",,,,,
1000382,Benjamin,Thompson,benjamin.thompson1000382@example.com,"Jogging, Weight Training, Group Fitness Class",4–5 days,Lunch,Low,"Weight Loss, Improve Health, Build Strength",,,,,
1000383,Evelyn,Lee,evelyn.lee1000383@example.com,"Jogging, Pilates, Yoga",0–1 days,Mid-Morning,High,"Social, Reduce Stress, Training",,,,,
1000384,James,Scott,james.scott1000384@example.com,"Team Sports, Weight Training, Jogging",4–5 days,Lunch,High,"Training, Weight Loss, Reduce Stress",,,,,
1000385,Scarlett,Lewis,scarlett.lewis1000385@example.com,"Pilates, Cycling, Running",4–5 days,Mid-Morning,Low,"Improve Health, Training, Weight Loss",,,,,
1000386,Jacob,Young,jacob.young1000386@example.com,"Jogging, Yoga, Running",2–3 days,Mid-Morning,Low,"Social, Build Strength, Training",,,,,
1000387,Sebastian,Nguyen,sebastian.nguyen1000387@example.com,"Cycling, Walking, Hiking",4–5 days,Early Morning,Low,"Social, Reduce Stress, Weight Loss",,,,,
1000388,Owen,Young,owen.young1000388@example.com,"Swimming, Pilates, Yoga",4–5 days,Lunch,High,"Social, Improve Health, Training",,,,,
1000389,Carter,Roberts,carter.roberts1000389@example.com,"Hiking, Group Fitness Class, Cycling",0–1 days,Lunch,High,"Reduce Stress, Training, Build Strength",,,,,
1000390,Ella,Davis,ella.davis1000390@example.com,"Swimming, Pilates, Walking",0–1 days,Mid-Morning,Low,"Reduce Stress, Build Strength, Weight Loss",,,,,
1000391,Aiden,Jones,aiden.jones1000391@example.com,"Yoga, Walking, Jogging",4–5 days,Lunch,Low,"Reduce Stress, Social, Build Strength",,,,,
1000392,Aria,Perez,aria.perez1000392@example.com,"Jogging, Pilates, Weight Training",4–5 days,Early Morning,Medium,"Training, Build Strength, Reduce Stress",,,,,
1000393,Mia,Torres,mia.torres1000393@example.com,"Weight Training, Cycling, Jogging",4–5 days,Mid-Morning,High,"Training, Improve Health, Weight Loss",,,,,
1000394,Mila,Campbell,mila.campbell1000394@example.com,"Weight Training, Walking, Team Sports",2–3 days,Mid-Morning,High,"Social, Weight Loss, Training",,,,,
1000395,Daniel,Davis,daniel.davis1000395@example.com,"Yoga, Jogging, Team Sports",0–1 days,Early Morning,Medium,"Build Strength, Social, Training",,,,,
1000396,Liam,Jones,liam.jones1000396@example.com,"Jogging, Yoga, Team Sports",2–3 days,Mid-Morning,Medium,"Build Strength, Social, Training",,,,,
1000397,Carter,Thomas,carter.thomas1000397@example.com,"Jogging, Pilates, Team Sports",4–5 days,Lunch,Low,"Improve Health, Social, Weight Loss",,,,,
1000398,Elizabeth,Lewis,elizabeth.lewis1000398@example.com,"Yoga, Group Fitness Class, Walking",0–1 days,Lunch,Low,"Weight Loss, Training, Reduce Stress",,,,,
1000399,James,Jones,james.jones1000399@example.com,"Cycling, Group Fitness Class, Pilates",0–1 days,Mid-Morning,Medium,"Social, Reduce Stress, Improve Health",,,,,
1000400,Isabella,Carter,isabella.carter1000400@example.com,"Team Sports, Hiking, Cycling",4–5 days,Mid-Morning,Medium,"Improve Health, Build Strength, Reduce Stress",,,,,
1000401,Luna,Hernandez,luna.hernandez1000401@example.com,"Hiking, Pilates, Team Sports",4–5 days,Mid-Morning,Medium,"Weight Loss, Improve Health, Reduce Stress",,,,,
1000402,Harper,Torres,harper.torres1000402@example.com,"Team Sports, Hiking, Jogging",2–3 days,Mid-Morning,High,"Training, Build Strength, Weight Loss",,,,,
1000403,Noah,Wright,noah.wright1000403@example.com,"Jogging, Swimming, Yoga",4–5 days,Lunch,High,"Weight Loss, Improve Health, Social",,,,,
1000404,Samuel,Green,samuel.green1000404@example.com,"Jogging, Pilates, Running",4–5 days,Mid-Morning,Low,"Reduce Stress, Training, Social",,,,,
1000405,Scarlett,Mitchell,scarlett.mitchell1000405@example.com,"Hiking, Jogging, Team Sports",0–1 days,Early Morning,High,"Social, Build Strength, Reduce Stress",,,,,
1000406,Lucas,Nguyen,lucas.nguyen1000406@example.com,"Group Fitness Class, Pilates, Running",0–1 days,Lunch,Medium,"Improve Health, Social, Weight Loss",,,,,
1000407,Elizabeth,Johnson,elizabeth.johnson1000407@example.com,"Group Fitness Class, Weight Training, Jogging",0–1 days,Mid-Morning,Medium,"Weight Loss, Social, Training",,,,,
1000408,Aria,Carter,aria.carter1000408@example.com,"Swimming, Team Sports, Hiking",0–1 days,Lunch,Low,"Build Strength, Social, Weight Loss",,,,,
1000409,Owen,Campbell,owen.campbell1000409@example.com,"Pilates, Jogging, Cycling",4–5 days,Lunch,High,"Improve Health, Build Strength, Weight Loss",,,,,
1000410,James,Ramirez,james.ramirez1000410@example.com,"Team Sports, Hiking, Cycling",4–5 days,Lunch,High,"Social, Weight Loss, Training",,,,,
1000411,Joseph,Lopez,joseph.lopez1000411@example.com,"Pilates, Jogging, Walking",0–1 days,Early Morning,Low,"Improve Health, Build Strength, Social",,,,,
1000412,Amelia,Nelson,amelia.nelson1000412@example.com,"Walking, Yoga, Running",2–3 days,Lunch,High,"Build Strength, Social, Weight Loss",,,,,
1000413,Mila,Torres,mila.torres1000413@example.com,"Weight Training, Swimming, Pilates",2–3 days,Lunch,Low,"Social, Training, Reduce Stress",,,,,
1000414,Ethan,Baker,ethan.baker1000414@example.com,"Hiking, Cycling, Team Sports",0–1 days,Early Morning,Low,"Build Strength, Training, Reduce Stress",,,,,
1000415,Isabella,Young,isabella.young1000415@example.com,"Jogging, Pilates, Running",0–1 days,Lunch,Low,"Social, Build Strength, Improve Health",,,,,
1000416,Chloe,Johnson,chloe.johnson1000416@example.com,"Group Fitness Class, Jogging, Walking",0–1 days,Early Morning,Low,"Weight Loss, Improve Health, Reduce Stress",,,,,
1000417,Ava,Jones,ava.jones1000417@example.com,"Jogging, Hiking, Yoga",4–5 days,Mid-Morning,High,"Training, Reduce Stress, Improve Health",,,,,
1000418,Jacob,Young,jacob.young1000418@example.com,"Cycling, Group Fitness Class, Team Sports",2–3 days,Lunch,Low,"Social, Weight Loss, Reduce Stress",,,,,
1000419,Harper,Roberts,harper.roberts1000419@example.com,"Running, Hiking, Team Sports",4–5 days,Lunch,Medium,"Training, Build Strength, Improve Health",,,,,
1000420,Emily,Gonzalez,emily.gonzalez1000420@example.com,"Swimming, Cycling, Walking",0–1 days,Lunch,Low,"Training, Build Strength, Weight Loss",,,,,
1000421,Charlotte,Young,charlotte.young1000421@example.com,"Walking, Pilates, Swimming",4–5 days,Lunch,Medium,"Social, Build Strength, Training",,,,,
1000422,Ella,Sanchez,ella.sanchez1000422@example.com,"Walking, Group Fitness Class, Jogging",2–3 days,Mid-Morning,High,"Weight Loss, Build Strength, Reduce Stress",,,,,
1000423,David,Rodriguez,david.rodriguez1000423@example.com,"Weight Training, Team Sports, Group Fitness Class",2–3 days,Lunch,Low,"Training, Improve Health, Build Strength",,,,,
1000424,Charlotte,Taylor,charlotte.taylor1000424@example.com,"Cycling, Walking, Swimming",2–3 days,Mid-Morning,High,"Social, Training, Improve Health",,,,,
1000425,Penelope,Williams,penelope.williams1000425@example.com,"Hiking, Jogging, Pilates",2–3 days,Lunch,Low,"Weight Loss, Training, Improve Health",,,,,
1000426,David,Lewis,david.lewis1000426@example.com,"Walking, Cycling, Pilates",0–1 days,Lunch,High,"Social, Improve Health, Training",,,,,
1000427,Joseph,Ramirez,joseph.ramirez1000427@example.com,"Yoga, Swimming, Cycling",0–1 days,Mid-Morning,Low,"Reduce Stress, Social, Weight Loss",,,,,
1000428,Aiden,Green,aiden.green1000428@example.com,"Pilates, Swimming, Yoga",4–5 days,Lunch,Medium,"Weight Loss, Reduce Stress, Improve Health",,,,,
1000429,Emma,Hernandez,emma.hernandez1000429@example.com,"Group Fitness Class, Walking, Hiking",0–1 days,Lunch,Medium,"Reduce Stress, Social, Training",,,,,
1000430,Avery,Hill,avery.hill1000430@example.com,"Walking, Group Fitness Class, Hiking",2–3 days,Mid-Morning,Medium,"Build Strength, Improve Health, Weight Loss",,,,,
1000431,Matthew,Hall,matthew.hall1000431@example.com,"Hiking, Team Sports, Jogging",4–5 days,Lunch,Low,"Improve Health, Reduce Stress, Training",,,,,
1000432,Aria,Clark,aria.clark1000432@example.com,"Pilates, Weight Training, Walking",0–1 days,Lunch,High,"Improve Health, Reduce Stress, Build Strength",,,,,
1000433,Oliver,Rodriguez,oliver.rodriguez1000433@example.com,"Running, Cycling, Group Fitness Class",0–1 days,Lunch,Low,"Weight Loss, Build Strength, Reduce Stress",,,,,
1000434,Sofia,Anderson,sofia.anderson1000434@example.com,"Yoga, Team Sports, Swimming",2–3 days,Early Morning,Low,"Build Strength, Social, Training",,,,,
1000435,Mason,Martin,mason.martin1000435@example.com,"Pilates, Jogging, Running",2–3 days,Lunch,High,"Reduce Stress, Weight Loss, Training",,,,,
1000436,Ella,Allen,ella.allen1000436@example.com,"Swimming, Yoga, Group Fitness Class",0–1 days,Lunch,Medium,"Improve Health, Weight Loss, Social",,,,,
1000437,Victoria,Ramirez,victoria.ramirez1000437@example.com,"Weight Training, Yoga, Walking",2–3 days,Mid-Morning,Medium,"Training, Weight Loss, Build Strength",,,,,
1000438,Ella,Sanchez,ella.sanchez1000438@example.com,"Hiking, Yoga, Swimming",2–3 days,Lunch,Low,"Reduce Stress, Improve Health, Training",,,,,
1000439,Mila,Moore,mila.moore1000439@example.com,"Walking, Weight Training, Pilates",4–5 days,Mid-Morning,High,"Training, Improve Health, Build Strength",,,,,
1000440,Victoria,Smith,victoria.smith1000440@example.com,"Hiking, Group Fitness Class, Walking",2–3 days,Early Morning,High,"Training, Social, Improve Health",,,,,
1000441,Noah,Jones,noah.jones1000441@example.com,"Walking, Weight Training, Cycling",0–1 days,Early Morning,Medium,"Reduce Stress, Training, Social",,,,,
1000442,Evelyn,Perez,evelyn.perez1000442@example.com,"Hiking, Weight Training, Jogging",0–1 days,Mid-Morning,Medium,"Weight Loss, Improve Health, Reduce Stress",,,,,
1000443,Noah,Wright,noah.wright1000443@example.com,"Weight Training, Pilates, Yoga",2–3 days,Mid-Morning,High,"Build Strength, Training, Social",,,,,
1000444,Wyatt,Flores,wyatt.flores1000444@example.com,"Weight Training, Jogging, Group Fitness Class",0–1 days,Early Morning,Low,"Reduce Stress, Training, Improve Health",,,,,
1000445,Lucas,Walker,lucas.walker1000445@example.com,"Pilates, Yoga, Group Fitness Class",2–3 days,Mid-Morning,High,"Weight Loss, Training, Build Strength",,,,,
1000446,Layla,Martin,layla.martin1000446@example.com,"Cycling, Walking, Pilates",0–1 days,Lunch,High,"Build Strength, Training, Improve Health",,,,,
1000447,Aria,Lewis,aria.lewis1000447@example.com,"Cycling, Group Fitness Class, Jogging",4–5 days,Early Morning,Low,"Weight Loss, Reduce Stress, Training",,,,,
1000448,Aria,Smith,aria.smith1000448@example.com,"Pilates, Weight Training, Team Sports",4–5 days,Early Morning,Low,"Reduce Stress, Social, Build Strength",,,,,
1000449,Ella,Moore,ella.moore1000449@example.com,"Pilates, Hiking, Walking",4–5 days,Mid-Morning,Medium,"Social, Improve Health, Training",,,,,
1000450,Victoria,Allen,victoria.allen1000450@example.com,"Group Fitness Class, Team Sports, Pilates",0–1 days,Mid-Morning,Medium,"Build Strength, Reduce Stress, Social",,,,,
1000451,Ella,Anderson,ella.anderson1000451@example.com,"Team Sports, Swimming, Running",4–5 days,Early Morning,Medium,"Training, Build Strength, Improve Health",,,,,
1000452,Victoria,Young,victoria.young1000452@example.com,"Hiking, Cycling, Walking",0–1 days,Lunch,High,"Improve Health, Training, Build Strength",,,,,
1000453,Ethan,Thompson,ethan.thompson1000453@example.com,"Weight Training, Walking, Group Fitness Class",2–3 days,Early Morning,High,"Improve Health, Reduce Stress, Build Strength",,,,,
1000454,Scarlett,Moore,scarlett.moore1000454@example.com,"Running, Hiking, Swimming",4–5 days,Mid-Morning,High,"Weight Loss, Social, Improve Health",,,,,
1000455,Sebastian,Adams,sebastian.adams1000455@example.com,"Group Fitness Class, Running, Team Sports",4–5 days,Early Morning,High,"Improve Health, Training, Social",,,,,
1000456,Lucas,Nguyen,lucas.nguyen1000456@example.com,"Team Sports, Weight Training, Running",0–1 days,Lunch,Medium,"Build Strength, Weight Loss, Improve Health",,,,,
1000457,Mia,Flores,mia.flores1000457@example.com,"Running, Walking, Jogging",2–3 days,Mid-Morning,Medium,"Social, Build Strength, Improve Health",,,,,
1000458,Carter,White,carter.white1000458@example.com,"Weight Training, Group Fitness Class, Hiking",2–3 days,Lunch,Low,"Reduce Stress, Improve Health, Training",,,,,
1000459,Olivia,Ramirez,olivia.ramirez1000459@example.com,"Group Fitness Class, Yoga, Hiking",2–3 days,Early Morning,Medium,"Social, Weight Loss, Build Strength",,,,,
1000460,Avery,Hill,avery.hill1000460@example.com,"Running, Walking, Pilates",0–1 days,Lunch,Medium,"Weight Loss, Build Strength, Social",,,,,
1000461,Alexander,Lee,alexander.lee1000461@example.com,"Swimming, Jogging, Pilates",2–3 days,Early Morning,High,"Social, Weight Loss, Reduce Stress",,,,,
1000462,Emily,Ramirez,emily.ramirez1000462@example.com,"Team Sports, Cycling, Yoga",0–1 days,Lunch,Medium,"Weight Loss, Social, Improve Health",,,,,
1000463,Ethan,Ramirez,ethan.ramirez1000463@example.com,"Swimming, Pilates, Weight Training",4–5 days,Early Morning,High,"Weight Loss, Improve Health, Build Strength",,,,,
1000464,Noah,Lee,noah.lee1000464@example.com,"Yoga, Running, Walking",2–3 days,Lunch,High,"Build Strength, Social, Weight Loss",,,,,
1000465,Emma,Carter,emma.carter1000465@example.com,"Swimming, Jogging, Cycling",2–3 days,Lunch,High,"Social, Training, Weight Loss",,,,,
1000466,Noah,Robinson,noah.robinson1000466@example.com,"Cycling, Group Fitness Class, Walking",0–1 days,Lunch,Medium,"Training, Build Strength, Improve Health",,,,,
1000467,Jacob,Nguyen,jacob.nguyen1000467@example.com,"Pilates, Cycling, Team Sports",0–1 days,Early Morning,Low,"Social, Training, Improve Health",,,,,
1000468,Sofia,Lewis,sofia.lewis1000468@example.com,"Walking, Weight Training, Group Fitness Class",4–5 days,Mid-Morning,Low,"Social, Training, Build Strength",,,,,
1000469,Ella,Walker,ella.walker1000469@example.com,"Swimming, Jogging, Group Fitness Class",0–1 days,Mid-Morning,High,"Social, Weight Loss, Training",,,,,
1000470,Sebastian,Jones,sebastian.jones1000470@example.com,"Cycling, Weight Training, Walking",0–1 days,Early Morning,High,"Improve Health, Weight Loss, Reduce Stress",,,,,
1000471,Michael,Scott,michael.scott1000471@example.com,"Yoga, Walking, Hiking",2–3 days,Mid-Morning,High,"Build Strength, Social, Training",,,,,
1000472,Sophia,Rivera,sophia.rivera1000472@example.com,"Walking, Yoga, Hiking",2–3 days,Mid-Morning,Medium,"Training, Social, Build Strength",,,,,
1000473,Matthew,Williams,matthew.williams1000473@example.com,"Pilates, Running, Jogging",2–3 days,Mid-Morning,Medium,"Weight Loss, Training, Reduce Stress",,,,,
1000474,Samuel,Wright,samuel.wright1000474@example.com,"Team Sports, Jogging, Hiking",4–5 days,Mid-Morning,High,"Weight Loss, Social, Reduce Stress",,,,,
1000475,Chloe,Carter,chloe.carter1000475@example.com,"Hiking, Running, Weight Training",2–3 days,Early Morning,Medium,"Build Strength, Social, Weight Loss",,,,,
1000476,Emily,Brown,emily.brown1000476@example.com,"Yoga, Swimming, Cycling",2–3 days,Early Morning,High,"Social, Reduce Stress, Improve Health",,,,,
1000477,Scarlett,Martin,scarlett.martin1000477@example.com,"Group Fitness Class, Walking, Pilates",2–3 days,Mid-Morning,Medium,"Reduce Stress, Build Strength, Improve Health",,,,,
1000478,Lucas,Young,lucas.young1000478@example.com,"Team Sports, Pilates, Cycling",2–3 days,Early Morning,High,"Social, Build Strength, Weight Loss",,,,,
1000479,Matthew,Taylor,matthew.taylor1000479@example.com,"Weight Training, Cycling, Swimming",2–3 days,Early Morning,Medium,"Reduce Stress, Improve Health, Training",,,,,
1000480,Avery,Scott,avery.scott1000480@example.com,"Jogging, Group Fitness Class, Weight Training",4–5 days,Lunch,High,"Weight Loss, Social, Build Strength",,,,,
1000481,Emma,Perez,emma.perez1000481@example.com,"Pilates, Hiking, Weight Training",0–1 days,Lunch,Low,"Weight Loss, Reduce Stress, Improve Health",,,,,
1000482,Olivia,Allen,olivia.allen1000482@example.com,"Walking, Cycling, Team Sports",4–5 days,Early Morning,Medium,"Weight Loss, Build Strength, Reduce Stress",,,,,
1000483,Matthew,Young,matthew.young1000483@example.com,"Pilates, Yoga, Team Sports",4–5 days,Early Morning,Medium,"Reduce Stress, Weight Loss, Improve Health",,,,,
1000484,Ethan,Adams,ethan.adams1000484@example.com,"Hiking, Walking, Swimming",4–5 days,Early Morning,Low,"Reduce Stress, Weight Loss, Build Strength",,,,,
1000485,Joseph,Garcia,joseph.garcia1000485@example.com,"Weight Training, Swimming, Walking",2–3 days,Lunch,Low,"Social, Training, Improve Health",,,,,
1000486,Camila,Roberts,camila.roberts1000486@example.com,"Team Sports, Pilates, Cycling",0–1 days,Early Morning,Medium,"Improve Health, Social, Reduce Stress",,,,,
1000487,Harper,Martinez,harper.martinez1000487@example.com,"Team Sports, Group Fitness Class, Cycling",0–1 days,Lunch,High,"Training, Weight Loss, Social",,,,,
1000488,Jackson,Torres,jackson.torres1000488@example.com,"Walking, Cycling, Pilates",2–3 days,Mid-Morning,High,"Reduce Stress, Build Strength, Social",,,,,
1000489,Henry,Jackson,henry.jackson1000489@example.com,"Weight Training, Walking, Running",4–5 days,Mid-Morning,Low,"Weight Loss, Training, Improve Health",,,,,
1000490,Sebastian,Jones,sebastian.jones1000490@example.com,"Jogging, Yoga, Hiking",4–5 days,Early Morning,Medium,"Social, Reduce Stress, Weight Loss",,,,,
1000491,Emily,Moore,emily.moore1000491@example.com,"Group Fitness Class, Walking, Hiking",0–1 days,Early Morning,Low,"Social, Weight Loss, Reduce Stress",,,,,
1000492,Matthew,Jones,matthew.jones1000492@example.com,"Running, Yoga, Walking",4–5 days,Lunch,Low,"Build Strength, Improve Health, Weight Loss",,,,,
1000493,Amelia,Jackson,amelia.jackson1000493@example.com,"Team Sports, Yoga, Jogging",4–5 days,Early Morning,Low,"Reduce Stress, Improve Health, Build Strength",,,,,
1000494,Amelia,Thomas,amelia.thomas1000494@example.com,"Yoga, Group Fitness Class, Hiking",4–5 days,Early Morning,Low,"Reduce Stress, Social, Weight Loss",,,,,
1000495,Camila,Robinson,camila.robinson1000495@example.com,"Weight Training, Walking, Jogging",2–3 days,Mid-Morning,High,"Reduce Stress, Training, Weight Loss",,,,,
1000496,Oliver,Williams,oliver.williams1000496@example.com,"Team Sports, Yoga, Walking",2–3 days,Mid-Morning,Medium,"Training, Build Strength, Reduce Stress",,,,,
1000497,Luna,Jackson,luna.jackson1000497@example.com,"Hiking, Swimming, Running",4–5 days,Mid-Morning,Medium,"Reduce Stress, Training, Social",,,,,
1000498,Wyatt,Green,wyatt.green1000498@example.com,"Running, Yoga, Jogging",4–5 days,Lunch,High,"Improve Health, Social, Training",,,,,
1000499,Mila,Carter,mila.carter1000499@example.com,"Walking, Group Fitness Class, Yoga",2–3 days,Mid-Morning,Medium,"Reduce Stress, Improve Health, Training",,,,,
1000500,David,Jones,david.jones1000500@example.com,"Cycling, Yoga, Weight Training",0–1 days,Early Morning,Low,"Build Strength, Weight Loss, Improve Health",,,,,
