event_id,organizer_id,name,date,time,duration,address,postalcode,loc_name
E0001,1000462,Yoga Meetup,2025-05-14,7:15,90,"Alderwood Memorial Park, 215 Sheldon Ave, Etobicoke, ON ",M8W 2M8,Alderwood Memorial Park
E0002,1000232,Weight Loss Meetup,2025-05-17,13:45,45,"15 Marine Parade Dr, Toronto, ON ",M8V 4G1,Humber Bay Shores Park
E0003,1000137,Weight Loss Meetup,2025-05-12,14:45,90,"15 Swan Ave, Toronto, ON",M9B 1V3 ,Wedgewood Park
E0004,1000315,Improve Health Meetup,2025-05-13,20:15,75,"615 Horner Ave, Toronto, ON",M8W 2E1 ,Etobicoke Valley Park
E0005,1000198,Swimming Meetup,2025-05-13,7:00,60,"2001 Lake Shore Blvd W, Toronto, ON ",M6S 5A3,Sir Casimir Gzowski Park
E0006,1000440,Hiking Meetup,2025-05-17,20:45,90,"256 Centennial Park Rd, Toronto, ON",M9C 5N3 ,Centennial Park
E0007,1000261,Running Meetup,2025-05-17,12:00,90,"3216 Bloor St W, Etobicoke, ON ",M8X 1Z4,Tom Riley Park
E0008,1000068,Weight Training Meetup,2025-05-15,12:00,60,"100 Humber Bay Park Rd W, Toronto, ON",M8V 3X7,Humber Bay Park West 
E0009,1000401,Team Sports Meetup,2025-05-15,21:30,120,"3216 Bloor St W, Etobicoke, ON ",M8X 1Z4,Tom Riley Park
E0010,1000463,Improve Health Meetup,2025-05-18,7:15,45,"235 Edenbridge Dr, Etobicoke, ON ",M9A 3G7,Scarlett Mills Park
E0011,1000435,Pilates Meetup,2025-05-14,8:15,120,"100 Humber Bay Park Rd E, Toronto, ON",M8V 3X7 ,Humber Bay Park East
E0012,1000083,Team Sports Meetup,2025-05-15,20:30,60,"105 Riverwood Pkwy, Etobicoke, ON ",M8Y 4E4,King's Mill Park
E0013,1000112,Build Strength Meetup,2025-05-17,12:00,30,"Chestnut Hills Park, 32 Chestnut Hills Pkwy, Etobicoke, ON ",M9A 3K5,Chestnut Hills Park
E0014,1000109,Group Fitness Class Meetup,2025-05-14,12:00,90,"3216 Bloor St W, Etobicoke, ON ",M8X 1Z4,Tom Riley Park
E0015,1000417,Yoga Meetup,2025-05-16,12:00,60,"1 Pasadena Gardens, York, ON ",M6S 4R3,Magwood Park
E0016,1000499,Yoga Meetup,2025-05-14,12:00,45,"231 Martin Grove Rd, Etobicoke, ON ",M9B 4L2,Hampshire Heights Park
E0017,1000131,Group Fitness Class Meetup,2025-05-17,19:45,30,"185 Spring Rd, Toronto, ON ",M6R 2Y8,Jamie Bell Adventure Playground
E0018,1000013,Swimming Meetup,2025-05-13,12:45,45,"90 Lothian Ave, Etobicoke, ON ",M8Z 4K5,Fairfield Park
E0019,1000444,Jogging Meetup,2025-05-13,12:00,75,"355 The East Mall, Etobicoke, ON ",M9B 3Z7,East Mall Park
E0020,1000190,Yoga Meetup,2025-05-18,12:00,120,"90 Lothian Ave, Etobicoke, ON ",M8Z 4K5,Fairfield Park
E0021,1000448,Weight Training Meetup,2025-05-13,12:00,90,"235 Edenbridge Dr, Etobicoke, ON ",M9A 3G7,Scarlett Mills Park
E0022,1000132,Cycling Meetup,2025-05-12,12:00,75,"1193 Royal York Rd, Toronto, ON",M9A 4B4 ,Lambton Woods
E0023,1000064,Training Meetup,2025-05-14,20:15,90,"1193 Royal York Rd, Toronto, ON",M9A 4B4 ,Lambton Woods
E0024,1000404,Pilates Meetup,2025-05-17,19:00,45,"4101 Dundas St W, Toronto, ON ",M8X 1X1,Home Smith Park
E0025,1000426,Social Meetup,2025-05-13,12:00,120,"3145 Lake Shore Blvd W, Toronto, ON",M8V 1L4 ,Colonel Samuel Smith Park
E0026,1000346,Training Meetup,2025-05-17,12:00,30,"615 Horner Ave, Toronto, ON",M8W 2E1 ,Etobicoke Valley Park
E0027,1000209,Pilates Meetup,2025-05-13,13:00,120,"256 Centennial Park Rd, Toronto, ON",M9C 5N3 ,Centennial Park
E0028,1000188,Weight Loss Meetup,2025-05-12,12:00,90,"Chestnut Hills Park, 32 Chestnut Hills Pkwy, Etobicoke, ON ",M9A 3K5,Chestnut Hills Park
E0029,1000327,Build Strength Meetup,2025-05-17,15:15,30,"100 Humber Bay Park Rd W, Toronto, ON",M8V 3X7,Humber Bay Park West 
E0030,1000339,Weight Loss Meetup,2025-05-13,12:00,120,"2001 Lake Shore Blvd W, Toronto, ON ",M6S 5A3,Sir Casimir Gzowski Park
E0031,1000034,Swimming Meetup,2025-05-17,12:00,60,"2 Forty Second St, Toronto, ON",M8V 0A3 ,Marie Curtis Park
E0032,1000383,Social Meetup,2025-05-12,7:45,75,"590 Rathburn Rd, Toronto, ON",M9C 3T3,Etobicoke Olympium 
E0033,1000486,Social Meetup,2025-05-14,14:15,60,"Chestnut Hills Park, 32 Chestnut Hills Pkwy, Etobicoke, ON ",M9A 3K5,Chestnut Hills Park
E0034,1000151,Pilates Meetup,2025-05-15,12:00,45,"1 Pasadena Gardens, York, ON ",M6S 4R3,Magwood Park
E0035,1000302,Weight Loss Meetup,2025-05-15,12:00,30,"245 Lake Promenade, Etobicoke, ON ",M8W 1B3,Long Branch Park
E0036,1000471,Social Meetup,2025-05-17,12:00,30,"Alderwood Memorial Park, 215 Sheldon Ave, Etobicoke, ON ",M8W 2M8,Alderwood Memorial Park
E0037,1000138,Improve Health Meetup,2025-05-16,8:45,45,"590 Rathburn Rd, Toronto, ON",M9C 3T3,Etobicoke Olympium 
E0038,1000478,Social Meetup,2025-05-17,12:00,60,"2001 Lake Shore Blvd W, Toronto, ON ",M6S 5A3,Sir Casimir Gzowski Park
E0039,1000124,Social Meetup,2025-05-18,8:00,90,"590 Rathburn Rd, Toronto, ON",M9C 3T3,Etobicoke Olympium 
E0040,1000149,Team Sports Meetup,2025-05-17,12:00,120,"100 Humber Bay Park Rd W, Toronto, ON",M8V 3X7,Humber Bay Park West 
E0041,1000053,Swimming Meetup,2025-05-17,12:00,30,"1193 Royal York Rd, Toronto, ON",M9A 4B4 ,Lambton Woods
E0042,1000143,Improve Health Meetup,2025-05-15,7:45,90,"245 Lake Promenade, Etobicoke, ON ",M8W 1B3,Long Branch Park
E0043,1000392,Jogging Meetup,2025-05-18,12:00,60,"2001 Lake Shore Blvd W, Toronto, ON ",M6K 1L4,Sunnyside Park
E0044,1000064,Pilates Meetup,2025-05-16,20:30,60,"105 Riverwood Pkwy, Etobicoke, ON ",M8Y 4E4,King's Mill Park
E0045,1000078,Group Fitness Class Meetup,2025-05-15,13:00,75,"2 Forty Second St, Toronto, ON",M8V 0A3 ,Marie Curtis Park
E0046,1000360,Cycling Meetup,2025-05-13,8:30,90,"399 The West Mall, Toronto, ON",M9C 2Y2,Etobicoke Civic Centre 
E0047,1000001,Training Meetup,2025-05-17,6:00,75,"Florence Gell Park, 85 Varsity Rd, York, ON ",M6S 2P2,Florence Gell Park
E0048,1000079,Weight Loss Meetup,2025-05-14,12:00,75,"2 Forty Second St, Toronto, ON",M8V 0A3 ,Marie Curtis Park
E0049,1000464,Running Meetup,2025-05-14,6:00,90,"355 The East Mall, Etobicoke, ON ",M9B 3Z7,East Mall Park
E0050,1000422,Jogging Meetup,2025-05-14,8:00,90,"590 Rathburn Rd, Toronto, ON",M9C 3T3,Etobicoke Olympium 
E0051,1000080,Group Fitness Class Meetup,2025-05-15,8:45,30,"105 Riverwood Pkwy, Etobicoke, ON ",M8Y 4E4,King's Mill Park
E0052,1000083,Jogging Meetup,2025-05-16,20:15,75,"399 The West Mall, Toronto, ON",M9C 2Y2,Etobicoke Civic Centre 
E0053,1000488,Pilates Meetup,2025-05-12,12:00,90,"3216 Bloor St W, Etobicoke, ON ",M8X 1Z4,Tom Riley Park
E0054,1000381,Team Sports Meetup,2025-05-15,12:00,90,"1873 Bloor St W, Toronto, ON ",M6R 2Z3,High Park
E0055,1000380,Reduce Stress Meetup,2025-05-12,12:00,60,"15 Marine Parade Dr, Toronto, ON ",M8V 4G1,Humber Bay Shores Park
E0056,1000038,Improve Health Meetup,2025-05-14,8:30,60,"151 Elmcrest Rd, Toronto, ON",M9C 3S2,Centennial Park Conservatory 
E0057,1000381,Build Strength Meetup,2025-05-18,12:00,60,"376 Martin Grove Rd, Etobicoke, ON ",M9B 4L7,West Deane Park
E0058,1000329,Group Fitness Class Meetup,2025-05-14,12:00,120,"2001 Lake Shore Blvd W, Toronto, ON ",M6K 1L4,Sunnyside Park
E0059,1000261,Social Meetup,2025-05-13,21:00,90,"4100 Dundas St W, York, ON ",M6S 2T7,Lambton Park
E0060,1000335,Weight Loss Meetup,2025-05-15,12:00,75,"2001 Lake Shore Blvd W, Toronto, ON ",M6K 1L4,Sunnyside Park
E0061,1000410,Team Sports Meetup,2025-05-17,20:45,30,"1 Third St, Etobicoke, ON ",M8V 2X5,Prince of Wales Park
E0062,1000208,Weight Loss Meetup,2025-05-13,12:00,45,"100 Humber Bay Park Rd E, Toronto, ON",M8V 3X7 ,Humber Bay Park East
E0063,1000309,Reduce Stress Meetup,2025-05-16,14:30,90,"29 Norris Cres, Toronto, ON ",M8V 1S1,Mimico Waterfront Park
E0064,1000074,Weight Loss Meetup,2025-05-14,13:15,90,"235 Edenbridge Dr, Etobicoke, ON ",M9A 3G7,Scarlett Mills Park
E0065,1000019,Training Meetup,2025-05-18,12:00,90,"376 Martin Grove Rd, Etobicoke, ON ",M9B 4L7,West Deane Park
E0066,1000357,Reduce Stress Meetup,2025-05-15,13:45,60,"245 Lake Promenade, Etobicoke, ON ",M8W 1B3,Long Branch Park
E0067,1000283,Social Meetup,2025-05-12,12:00,90,"115 Black Creek Dr, Toronto, ON",M6M 0A9,York Recreation Centre 
E0068,1000050,Team Sports Meetup,2025-05-17,12:00,90,"8 Avon Park Dr, Etobicoke, ON ",M8Z 3X4,Queensway Park
E0069,1000131,Weight Loss Meetup,2025-05-17,15:30,45,"2001 Lake Shore Blvd W, Toronto, ON ",M6S 5A3,Sir Casimir Gzowski Park
E0070,1000031,Weight Loss Meetup,2025-05-12,12:00,120,"3145 Lake Shore Blvd W, Toronto, ON",M8V 1L4 ,Colonel Samuel Smith Park
E0071,1000333,Walking Meetup,2025-05-13,7:15,45,"105 Riverwood Pkwy, Etobicoke, ON ",M8Y 4E4,King's Mill Park
E0072,1000116,Weight Loss Meetup,2025-05-12,12:00,30,"100 Humber Bay Park Rd W, Toronto, ON",M8V 3X7,Humber Bay Park West 
E0073,1000288,Social Meetup,2025-05-15,21:30,45,"105 Riverwood Pkwy, Etobicoke, ON ",M8Y 4E4,King's Mill Park
E0074,1000159,Training Meetup,2025-05-12,12:00,30,"99 Edenbridge Dr, Toronto, ON",M9A 3G4 ,James Gardens
E0075,1000028,Hiking Meetup,2025-05-12,12:00,45,"Alderwood Memorial Park, 215 Sheldon Ave, Etobicoke, ON ",M8W 2M8,Alderwood Memorial Park
E0076,1000071,Jogging Meetup,2025-05-16,21:15,60,"399 The West Mall, Toronto, ON",M9C 2Y2,Etobicoke Civic Centre 
E0077,1000268,Reduce Stress Meetup,2025-05-15,7:15,75,"105 Riverwood Pkwy, Etobicoke, ON ",M8Y 4E4,King's Mill Park
E0078,1000075,Weight Loss Meetup,2025-05-14,12:45,90,"2595 Bloor St W, York, ON ",M6S 1S2,Humber Marshes
E0079,1000095,Team Sports Meetup,2025-05-12,20:45,30,"Royal York Rd & Evans Ave, Toronto, ON",M8Z 1H6 ,Coronation Park 
E0080,1000128,Pilates Meetup,2025-05-14,12:00,120,"4100 Dundas St W, York, ON ",M6S 2T7,Lambton Park
E0081,1000092,Build Strength Meetup,2025-05-16,12:00,60,"231 Martin Grove Rd, Etobicoke, ON ",M9B 4L2,Hampshire Heights Park
E0082,1000413,Pilates Meetup,2025-05-13,12:00,75,"7 Wimbleton Rd, Toronto, ON ",M9A 3S9,Humbertown Park
E0083,1000233,Reduce Stress Meetup,2025-05-17,12:00,90,"3216 Bloor St W, Etobicoke, ON ",M8X 1Z4,Tom Riley Park
E0084,1000179,Social Meetup,2025-05-15,12:00,30,"590 Rathburn Rd, Toronto, ON",M9C 3T3,Etobicoke Olympium 
E0085,1000379,Build Strength Meetup,2025-05-16,12:00,120,"399 The West Mall, Toronto, ON",M9C 2Y2,Etobicoke Civic Centre 
E0086,1000070,Training Meetup,2025-05-14,12:00,30,"15 Marine Parade Dr, Toronto, ON ",M8V 4G1,Humber Bay Shores Park
E0087,1000163,Cycling Meetup,2025-05-17,19:00,90,"1 Pasadena Gardens, York, ON ",M6S 4R3,Magwood Park
E0088,1000041,Pilates Meetup,2025-05-12,12:00,45,"100 Humber Bay Park Rd W, Toronto, ON",M8V 3X7,Humber Bay Park West 
E0089,1000262,Jogging Meetup,2025-05-14,12:15,120,"99 Edenbridge Dr, Toronto, ON",M9A 3G4 ,James Gardens
E0090,1000457,Social Meetup,2025-05-16,13:45,120,"99 Edenbridge Dr, Toronto, ON",M9A 3G4 ,James Gardens
E0091,1000368,Group Fitness Class Meetup,2025-05-15,13:00,75,"Florence Gell Park, 85 Varsity Rd, York, ON ",M6S 2P2,Florence Gell Park
E0092,1000191,Team Sports Meetup,2025-05-14,12:00,75,"15 Marine Parade Dr, Toronto, ON ",M8V 4G1,Humber Bay Shores Park
E0093,1000077,Jogging Meetup,2025-05-18,12:00,60,"1193 Royal York Rd, Toronto, ON",M9A 4B4 ,Lambton Woods
E0094,1000450,Build Strength Meetup,2025-05-18,12:00,45,"100 Humber Bay Park Rd W, Toronto, ON",M8V 3X7,Humber Bay Park West 
E0095,1000342,Pilates Meetup,2025-05-15,12:00,60,"Royal York Rd & Evans Ave, Toronto, ON",M8Z 1H6 ,Coronation Park 
E0096,1000149,Social Meetup,2025-05-14,12:00,90,"256 Centennial Park Rd, Toronto, ON",M9C 5N3 ,Centennial Park
E0097,1000331,Reduce Stress Meetup,2025-05-16,12:00,30,"8 Avon Park Dr, Etobicoke, ON ",M8Z 3X4,Queensway Park
E0098,1000122,Running Meetup,2025-05-14,19:30,45,"7 Wimbleton Rd, Toronto, ON ",M9A 3S9,Humbertown Park
E0099,1000378,Hiking Meetup,2025-05-13,20:15,60,"Florence Gell Park, 85 Varsity Rd, York, ON ",M6S 2P2,Florence Gell Park
E0100,1000263,Jogging Meetup,2025-05-16,7:00,90,"1575 Lake Shore Blvd W, Toronto, ON ",M6R 1B5,Budapest Park
E0101,1000238,Group Fitness Class Meetup,2025-05-13,12:00,30,"3216 Bloor St W, Etobicoke, ON ",M8X 1Z4,Tom Riley Park
E0102,1000091,Swimming Meetup,2025-05-12,20:30,90,"Alderwood Memorial Park, 215 Sheldon Ave, Etobicoke, ON ",M8W 2M8,Alderwood Memorial Park
E0103,1000001,Improve Health Meetup,2025-05-16,13:15,120,"2595 Bloor St W, York, ON ",M6S 1S2,Humber Marshes
E0104,1000362,Cycling Meetup,2025-05-12,12:00,120,"90 Lothian Ave, Etobicoke, ON ",M8Z 4K5,Fairfield Park
E0105,1000349,Build Strength Meetup,2025-05-12,7:45,60,"256 Centennial Park Rd, Toronto, ON",M9C 5N3 ,Centennial Park
E0106,1000488,Pilates Meetup,2025-05-17,15:15,120,"376 Martin Grove Rd, Etobicoke, ON ",M9B 4L7,West Deane Park
E0107,1000390,Weight Loss Meetup,2025-05-16,14:00,60,"1193 Royal York Rd, Toronto, ON",M9A 4B4 ,Lambton Woods
E0108,1000308,Improve Health Meetup,2025-05-14,7:45,120,"Chestnut Hills Park, 32 Chestnut Hills Pkwy, Etobicoke, ON ",M9A 3K5,Chestnut Hills Park
E0109,1000356,Jogging Meetup,2025-05-18,20:15,30,"29 Norris Cres, Toronto, ON ",M8V 1S1,Mimico Waterfront Park
E0110,1000342,Yoga Meetup,2025-05-16,12:00,45,"1193 Royal York Rd, Toronto, ON",M9A 4B4 ,Lambton Woods
E0111,1000119,Training Meetup,2025-05-16,6:00,45,"1 Third St, Etobicoke, ON ",M8V 2X5,Prince of Wales Park
E0112,1000416,Walking Meetup,2025-05-14,12:00,75,"90 Lothian Ave, Etobicoke, ON ",M8Z 4K5,Fairfield Park
E0113,1000450,Reduce Stress Meetup,2025-05-18,12:00,60,"245 Lake Promenade, Etobicoke, ON ",M8W 1B3,Long Branch Park
E0114,1000138,Reduce Stress Meetup,2025-05-16,12:15,30,"231 Martin Grove Rd, Etobicoke, ON ",M9B 4L2,Hampshire Heights Park
E0115,1000054,Yoga Meetup,2025-05-14,20:30,75,"4100 Dundas St W, York, ON ",M6S 2T7,Lambton Park
E0116,1000295,Yoga Meetup,2025-05-15,19:15,30,"3145 Lake Shore Blvd W, Toronto, ON",M8V 1L4 ,Colonel Samuel Smith Park
E0117,1000409,Weight Loss Meetup,2025-05-15,12:00,75,"29 Norris Cres, Toronto, ON ",M8V 1S1,Mimico Waterfront Park
E0118,1000375,Training Meetup,2025-05-12,12:00,90,"615 Horner Ave, Toronto, ON",M8W 2E1 ,Etobicoke Valley Park
E0119,1000456,Weight Training Meetup,2025-05-18,8:15,75,"29 Norris Cres, Toronto, ON ",M8V 1S1,Mimico Waterfront Park
E0120,1000366,Team Sports Meetup,2025-05-14,21:30,45,"7 Wimbleton Rd, Toronto, ON ",M9A 3S9,Humbertown Park
E0121,1000425,Hiking Meetup,2025-05-13,14:15,75,"99 Edenbridge Dr, Toronto, ON",M9A 3G4 ,James Gardens
E0122,1000312,Build Strength Meetup,2025-05-17,12:00,30,"1 Third St, Etobicoke, ON ",M8V 2X5,Prince of Wales Park
E0123,1000439,Weight Training Meetup,2025-05-15,12:00,60,"4101 Dundas St W, Toronto, ON ",M8X 1X1,Home Smith Park
E0124,1000222,Improve Health Meetup,2025-05-16,12:00,45,"1873 Bloor St W, Toronto, ON ",M6R 2Z3,High Park
E0125,1000219,Reduce Stress Meetup,2025-05-13,8:45,60,"29 Norris Cres, Toronto, ON ",M8V 1S1,Mimico Waterfront Park
E0126,1000307,Group Fitness Class Meetup,2025-05-12,21:45,75,"1 Third St, Etobicoke, ON ",M8V 2X5,Prince of Wales Park
E0127,1000408,Swimming Meetup,2025-05-18,21:00,45,"100 Humber Bay Park Rd W, Toronto, ON",M8V 3X7,Humber Bay Park West 
E0128,1000161,Group Fitness Class Meetup,2025-05-16,12:00,30,"100 Humber Bay Park Rd W, Toronto, ON",M8V 3X7,Humber Bay Park West 
E0129,1000304,Yoga Meetup,2025-05-13,12:00,45,"Chestnut Hills Park, 32 Chestnut Hills Pkwy, Etobicoke, ON ",M9A 3K5,Chestnut Hills Park
E0130,1000411,Build Strength Meetup,2025-05-12,7:00,75,"105 Riverwood Pkwy, Etobicoke, ON ",M8Y 4E4,King's Mill Park
E0131,1000338,Training Meetup,2025-05-15,7:45,75,"99 Edenbridge Dr, Toronto, ON",M9A 3G4 ,James Gardens
E0132,1000456,Running Meetup,2025-05-15,12:00,60,"7 Wimbleton Rd, Toronto, ON ",M9A 3S9,Humbertown Park
E0133,1000327,Reduce Stress Meetup,2025-05-16,15:30,30,"256 Centennial Park Rd, Toronto, ON",M9C 5N3 ,Centennial Park
E0134,1000022,Pilates Meetup,2025-05-17,19:00,60,"1 Pasadena Gardens, York, ON ",M6S 4R3,Magwood Park
E0135,1000400,Build Strength Meetup,2025-05-16,12:00,120,"4101 Dundas St W, Toronto, ON ",M8X 1X1,Home Smith Park
E0136,1000255,Improve Health Meetup,2025-05-18,12:00,120,"2001 Lake Shore Blvd W, Toronto, ON ",M6K 1L4,Sunnyside Park
E0137,1000251,Walking Meetup,2025-05-18,21:15,75,"2 Forty Second St, Toronto, ON",M8V 0A3 ,Marie Curtis Park
E0138,1000005,Social Meetup,2025-05-12,12:00,60,"615 Horner Ave, Toronto, ON",M8W 2E1 ,Etobicoke Valley Park
E0139,1000236,Reduce Stress Meetup,2025-05-14,12:00,45,"235 Edenbridge Dr, Etobicoke, ON ",M9A 3G7,Scarlett Mills Park
E0140,1000033,Reduce Stress Meetup,2025-05-17,7:45,45,"1873 Bloor St W, Toronto, ON ",M6R 2Z3,High Park
E0141,1000158,Improve Health Meetup,2025-05-14,12:00,90,"2595 Bloor St W, York, ON ",M6S 1S2,Humber Marshes
E0142,1000363,Running Meetup,2025-05-18,12:00,120,"15 Swan Ave, Toronto, ON",M9B 1V3 ,Wedgewood Park
E0143,1000499,Training Meetup,2025-05-18,7:30,45,"7 Wimbleton Rd, Toronto, ON ",M9A 3S9,Humbertown Park
E0144,1000423,Build Strength Meetup,2025-05-14,12:00,45,"Alderwood Memorial Park, 215 Sheldon Ave, Etobicoke, ON ",M8W 2M8,Alderwood Memorial Park
E0145,1000465,Weight Loss Meetup,2025-05-13,12:00,75,"Alderwood Memorial Park, 215 Sheldon Ave, Etobicoke, ON ",M8W 2M8,Alderwood Memorial Park
E0146,1000234,Weight Loss Meetup,2025-05-14,12:00,30,"2001 Lake Shore Blvd W, Toronto, ON ",M6S 5A3,Sir Casimir Gzowski Park
E0147,1000192,Pilates Meetup,2025-05-12,15:30,45,"615 Horner Ave, Toronto, ON",M8W 2E1 ,Etobicoke Valley Park
E0148,1000044,Pilates Meetup,2025-05-18,12:00,120,"151 Elmcrest Rd, Toronto, ON",M9C 3S2,Centennial Park Conservatory 
E0149,1000451,Swimming Meetup,2025-05-15,13:30,90,"2001 Lake Shore Blvd W, Toronto, ON ",M6K 1L4,Sunnyside Park
E0150,1000063,Improve Health Meetup,2025-05-14,7:15,30,"185 Spring Rd, Toronto, ON ",M6R 2Y8,Jamie Bell Adventure Playground
E0151,1000148,Build Strength Meetup,2025-05-17,7:15,120,"2001 Lake Shore Blvd W, Toronto, ON ",M6K 1L4,Sunnyside Park
E0152,1000398,Weight Loss Meetup,2025-05-16,12:00,45,"3216 Bloor St W, Etobicoke, ON ",M8X 1Z4,Tom Riley Park
E0153,1000163,Cycling Meetup,2025-05-16,12:00,120,"Royal York Rd & Evans Ave, Toronto, ON",M8Z 1H6 ,Coronation Park 
E0154,1000131,Reduce Stress Meetup,2025-05-14,12:00,60,"4101 Dundas St W, Toronto, ON ",M8X 1X1,Home Smith Park
E0155,1000139,Running Meetup,2025-05-17,7:30,75,"Florence Gell Park, 85 Varsity Rd, York, ON ",M6S 2P2,Florence Gell Park
E0156,1000353,Weight Loss Meetup,2025-05-15,6:00,120,"151 Elmcrest Rd, Toronto, ON",M9C 3S2,Centennial Park Conservatory 
E0157,1000410,Training Meetup,2025-05-16,15:30,60,"185 Spring Rd, Toronto, ON ",M6R 2Y8,Jamie Bell Adventure Playground
E0158,1000427,Cycling Meetup,2025-05-18,12:00,45,"4101 Dundas St W, Toronto, ON ",M8X 1X1,Home Smith Park
E0159,1000168,Hiking Meetup,2025-05-15,12:00,75,"1193 Royal York Rd, Toronto, ON",M9A 4B4 ,Lambton Woods
E0160,1000432,Weight Training Meetup,2025-05-12,12:00,45,"2595 Bloor St W, York, ON ",M6S 1S2,Humber Marshes
E0161,1000205,Pilates Meetup,2025-05-17,12:00,45,"Chestnut Hills Park, 32 Chestnut Hills Pkwy, Etobicoke, ON ",M9A 3K5,Chestnut Hills Park
E0162,1000126,Reduce Stress Meetup,2025-05-17,12:00,75,"1193 Royal York Rd, Toronto, ON",M9A 4B4 ,Lambton Woods
E0163,1000053,Reduce Stress Meetup,2025-05-13,6:30,30,"235 Edenbridge Dr, Etobicoke, ON ",M9A 3G7,Scarlett Mills Park
E0164,1000327,Weight Loss Meetup,2025-05-17,15:15,30,"Royal York Rd & Evans Ave, Toronto, ON",M8Z 1H6 ,Coronation Park 
E0165,1000265,Team Sports Meetup,2025-05-13,12:00,45,"4100 Dundas St W, York, ON ",M6S 2T7,Lambton Park
E0166,1000456,Weight Loss Meetup,2025-05-17,12:00,60,"2001 Lake Shore Blvd W, Toronto, ON ",M6S 5A3,Sir Casimir Gzowski Park
E0167,1000382,Improve Health Meetup,2025-05-13,14:00,45,"3145 Lake Shore Blvd W, Toronto, ON",M8V 1L4 ,Colonel Samuel Smith Park
E0168,1000128,Training Meetup,2025-05-18,12:00,90,"8 Avon Park Dr, Etobicoke, ON ",M8Z 3X4,Queensway Park
E0169,1000465,Social Meetup,2025-05-16,15:00,30,"235 Edenbridge Dr, Etobicoke, ON ",M9A 3G7,Scarlett Mills Park
E0170,1000029,Yoga Meetup,2025-05-12,12:00,30,"1575 Lake Shore Blvd W, Toronto, ON ",M6R 1B5,Budapest Park
E0171,1000132,Cycling Meetup,2025-05-17,12:00,120,"151 Elmcrest Rd, Toronto, ON",M9C 3S2,Centennial Park Conservatory 
E0172,1000415,Improve Health Meetup,2025-05-16,12:00,60,"256 Centennial Park Rd, Toronto, ON",M9C 5N3 ,Centennial Park
E0173,1000109,Improve Health Meetup,2025-05-12,15:15,75,"355 The East Mall, Etobicoke, ON ",M9B 3Z7,East Mall Park
E0174,1000388,Pilates Meetup,2025-05-12,13:30,30,"99 Edenbridge Dr, Toronto, ON",M9A 3G4 ,James Gardens
E0175,1000161,Weight Training Meetup,2025-05-17,12:00,90,"1 Third St, Etobicoke, ON ",M8V 2X5,Prince of Wales Park
E0176,1000241,Team Sports Meetup,2025-05-17,12:00,75,"29 Norris Cres, Toronto, ON ",M8V 1S1,Mimico Waterfront Park
E0177,1000361,Build Strength Meetup,2025-05-13,12:00,30,"Alderwood Memorial Park, 215 Sheldon Ave, Etobicoke, ON ",M8W 2M8,Alderwood Memorial Park
E0178,1000462,Yoga Meetup,2025-05-17,12:00,75,"4100 Dundas St W, York, ON ",M6S 2T7,Lambton Park
E0179,1000219,Social Meetup,2025-05-17,12:00,90,"3145 Lake Shore Blvd W, Toronto, ON",M8V 1L4 ,Colonel Samuel Smith Park
E0180,1000219,Jogging Meetup,2025-05-13,12:00,30,"Alderwood Memorial Park, 215 Sheldon Ave, Etobicoke, ON ",M8W 2M8,Alderwood Memorial Park
E0181,1000429,Training Meetup,2025-05-15,12:00,60,"99 Edenbridge Dr, Toronto, ON",M9A 3G4 ,James Gardens
E0182,1000360,Pilates Meetup,2025-05-14,6:45,120,"2 Forty Second St, Toronto, ON",M8V 0A3 ,Marie Curtis Park
E0183,1000342,Build Strength Meetup,2025-05-18,12:00,120,"115 Black Creek Dr, Toronto, ON",M6M 0A9,York Recreation Centre 
E0184,1000371,Weight Loss Meetup,2025-05-18,20:00,60,"3216 Bloor St W, Etobicoke, ON ",M8X 1Z4,Tom Riley Park
E0185,1000391,Social Meetup,2025-05-14,19:00,90,"3216 Bloor St W, Etobicoke, ON ",M8X 1Z4,Tom Riley Park
E0186,1000463,Weight Training Meetup,2025-05-12,19:45,90,"4101 Dundas St W, Toronto, ON ",M8X 1X1,Home Smith Park
E0187,1000212,Social Meetup,2025-05-13,13:30,120,"29 Norris Cres, Toronto, ON ",M8V 1S1,Mimico Waterfront Park
E0188,1000492,Improve Health Meetup,2025-05-12,12:00,45,"15 Swan Ave, Toronto, ON",M9B 1V3 ,Wedgewood Park
E0189,1000124,Build Strength Meetup,2025-05-14,7:15,30,"231 Martin Grove Rd, Etobicoke, ON ",M9B 4L2,Hampshire Heights Park
E0190,1000216,Improve Health Meetup,2025-05-13,12:00,45,"105 Riverwood Pkwy, Etobicoke, ON ",M8Y 4E4,King's Mill Park
E0191,1000376,Weight Loss Meetup,2025-05-14,8:15,60,"90 Lothian Ave, Etobicoke, ON ",M8Z 4K5,Fairfield Park
E0192,1000178,Walking Meetup,2025-05-17,21:00,45,"15 Swan Ave, Toronto, ON",M9B 1V3 ,Wedgewood Park
E0193,1000024,Weight Loss Meetup,2025-05-15,12:00,120,"8 Avon Park Dr, Etobicoke, ON ",M8Z 3X4,Queensway Park
E0194,1000477,Reduce Stress Meetup,2025-05-17,20:30,60,"1873 Bloor St W, Toronto, ON ",M6R 2Z3,High Park
E0195,1000407,Group Fitness Class Meetup,2025-05-18,12:00,120,"1 Pasadena Gardens, York, ON ",M6S 4R3,Magwood Park
E0196,1000244,Running Meetup,2025-05-16,12:00,30,"8 Avon Park Dr, Etobicoke, ON ",M8Z 3X4,Queensway Park
E0197,1000241,Improve Health Meetup,2025-05-14,14:45,75,"590 Rathburn Rd, Toronto, ON",M9C 3T3,Etobicoke Olympium 
E0198,1000309,Running Meetup,2025-05-12,14:00,120,"355 The East Mall, Etobicoke, ON ",M9B 3Z7,East Mall Park
E0199,1000306,Improve Health Meetup,2025-05-12,12:00,75,"590 Rathburn Rd, Toronto, ON",M9C 3T3,Etobicoke Olympium 
E0200,1000293,Reduce Stress Meetup,2025-05-18,12:00,45,"Royal York Rd & Evans Ave, Toronto, ON",M8Z 1H6 ,Coronation Park 
E0201,1000107,Social Meetup,2025-05-13,12:00,30,"355 The East Mall, Etobicoke, ON ",M9B 3Z7,East Mall Park
E0202,1000390,Build Strength Meetup,2025-05-14,14:15,60,"101 Lake Shore Dr, Etobicoke, ON ",M8V 2Z8,Cliff Lumsdon Park
E0203,1000341,Reduce Stress Meetup,2025-05-18,12:00,30,"151 Elmcrest Rd, Toronto, ON",M9C 3S2,Centennial Park Conservatory 
E0204,1000464,Walking Meetup,2025-05-13,6:15,90,"2595 Bloor St W, York, ON ",M6S 1S2,Humber Marshes
E0205,1000130,Build Strength Meetup,2025-05-13,12:00,60,"245 Lake Promenade, Etobicoke, ON ",M8W 1B3,Long Branch Park
E0206,1000011,Build Strength Meetup,2025-05-15,12:00,60,"99 Edenbridge Dr, Toronto, ON",M9A 3G4 ,James Gardens
E0207,1000498,Social Meetup,2025-05-17,12:00,90,"1575 Lake Shore Blvd W, Toronto, ON ",M6R 1B5,Budapest Park
E0208,1000337,Cycling Meetup,2025-05-18,7:30,60,"15 Swan Ave, Toronto, ON",M9B 1V3 ,Wedgewood Park
E0209,1000350,Walking Meetup,2025-05-13,12:00,45,"3145 Lake Shore Blvd W, Toronto, ON",M8V 1L4 ,Colonel Samuel Smith Park
E0210,1000415,Pilates Meetup,2025-05-12,8:30,45,"Alderwood Memorial Park, 215 Sheldon Ave, Etobicoke, ON ",M8W 2M8,Alderwood Memorial Park
E0211,1000404,Training Meetup,2025-05-14,12:00,90,"1193 Royal York Rd, Toronto, ON",M9A 4B4 ,Lambton Woods
E0212,1000322,Running Meetup,2025-05-16,7:15,45,"29 Norris Cres, Toronto, ON ",M8V 1S1,Mimico Waterfront Park
E0213,1000374,Reduce Stress Meetup,2025-05-16,13:45,120,"29 Norris Cres, Toronto, ON ",M8V 1S1,Mimico Waterfront Park
E0214,1000202,Build Strength Meetup,2025-05-12,12:00,45,"101 Lake Shore Dr, Etobicoke, ON ",M8V 2Z8,Cliff Lumsdon Park
E0215,1000044,Weight Loss Meetup,2025-05-12,21:15,45,"151 Elmcrest Rd, Toronto, ON",M9C 3S2,Centennial Park Conservatory 
E0216,1000298,Training Meetup,2025-05-15,12:00,45,"8 Avon Park Dr, Etobicoke, ON ",M8Z 3X4,Queensway Park
E0217,1000070,Training Meetup,2025-05-15,19:00,45,"7 Wimbleton Rd, Toronto, ON ",M9A 3S9,Humbertown Park
E0218,1000286,Jogging Meetup,2025-05-18,12:00,45,"1 Pasadena Gardens, York, ON ",M6S 4R3,Magwood Park
E0219,1000366,Social Meetup,2025-05-16,21:45,120,"3216 Bloor St W, Etobicoke, ON ",M8X 1Z4,Tom Riley Park
E0220,1000195,Weight Loss Meetup,2025-05-15,12:00,60,"231 Martin Grove Rd, Etobicoke, ON ",M9B 4L2,Hampshire Heights Park
E0221,1000023,Group Fitness Class Meetup,2025-05-12,12:00,30,"185 Spring Rd, Toronto, ON ",M6R 2Y8,Jamie Bell Adventure Playground
E0222,1000185,Pilates Meetup,2025-05-12,12:00,90,"615 Horner Ave, Toronto, ON",M8W 2E1 ,Etobicoke Valley Park
E0223,1000286,Jogging Meetup,2025-05-14,15:30,75,"355 The East Mall, Etobicoke, ON ",M9B 3Z7,East Mall Park
E0224,1000056,Training Meetup,2025-05-18,19:30,75,"29 Norris Cres, Toronto, ON ",M8V 1S1,Mimico Waterfront Park
E0225,1000029,Improve Health Meetup,2025-05-14,8:15,30,"2001 Lake Shore Blvd W, Toronto, ON ",M6S 5A3,Sir Casimir Gzowski Park
E0226,1000277,Weight Loss Meetup,2025-05-13,12:00,45,"100 Humber Bay Park Rd W, Toronto, ON",M8V 3X7,Humber Bay Park West 
E0227,1000485,Weight Training Meetup,2025-05-14,12:00,30,"115 Black Creek Dr, Toronto, ON",M6M 0A9,York Recreation Centre 
E0228,1000229,Weight Training Meetup,2025-05-14,12:00,120,"1193 Royal York Rd, Toronto, ON",M9A 4B4 ,Lambton Woods
E0229,1000313,Hiking Meetup,2025-05-15,20:30,30,"Florence Gell Park, 85 Varsity Rd, York, ON ",M6S 2P2,Florence Gell Park
E0230,1000368,Yoga Meetup,2025-05-12,19:00,75,"115 Black Creek Dr, Toronto, ON",M6M 0A9,York Recreation Centre 
E0231,1000167,Training Meetup,2025-05-12,12:00,90,"Florence Gell Park, 85 Varsity Rd, York, ON ",M6S 2P2,Florence Gell Park
E0232,1000116,Weight Loss Meetup,2025-05-14,20:30,30,"1193 Royal York Rd, Toronto, ON",M9A 4B4 ,Lambton Woods
E0233,1000026,Yoga Meetup,2025-05-18,12:00,45,"355 The East Mall, Etobicoke, ON ",M9B 3Z7,East Mall Park
E0234,1000181,Group Fitness Class Meetup,2025-05-13,20:15,30,"4100 Dundas St W, York, ON ",M6S 2T7,Lambton Park
E0235,1000384,Jogging Meetup,2025-05-16,12:00,120,"1 Pasadena Gardens, York, ON ",M6S 4R3,Magwood Park
E0236,1000248,Training Meetup,2025-05-12,12:00,30,"Florence Gell Park, 85 Varsity Rd, York, ON ",M6S 2P2,Florence Gell Park
E0237,1000432,Reduce Stress Meetup,2025-05-15,12:00,75,"7 Wimbleton Rd, Toronto, ON ",M9A 3S9,Humbertown Park
E0238,1000388,Swimming Meetup,2025-05-16,12:00,120,"376 Martin Grove Rd, Etobicoke, ON ",M9B 4L7,West Deane Park
E0239,1000023,Build Strength Meetup,2025-05-17,12:00,75,"376 Martin Grove Rd, Etobicoke, ON ",M9B 4L7,West Deane Park
E0240,1000002,Walking Meetup,2025-05-16,7:30,45,"15 Swan Ave, Toronto, ON",M9B 1V3 ,Wedgewood Park
E0241,1000354,Training Meetup,2025-05-12,7:30,45,"Florence Gell Park, 85 Varsity Rd, York, ON ",M6S 2P2,Florence Gell Park
E0242,1000462,Improve Health Meetup,2025-05-18,12:00,60,"256 Centennial Park Rd, Toronto, ON",M9C 5N3 ,Centennial Park
E0243,1000385,Running Meetup,2025-05-18,12:00,120,"2001 Lake Shore Blvd W, Toronto, ON ",M6S 5A3,Sir Casimir Gzowski Park
E0244,1000016,Build Strength Meetup,2025-05-15,7:15,30,"2595 Bloor St W, York, ON ",M6S 1S2,Humber Marshes
E0245,1000438,Reduce Stress Meetup,2025-05-17,8:30,45,"115 Black Creek Dr, Toronto, ON",M6M 0A9,York Recreation Centre 
E0246,1000138,Reduce Stress Meetup,2025-05-16,12:30,75,"399 The West Mall, Toronto, ON",M9C 2Y2,Etobicoke Civic Centre 
E0247,1000270,Weight Loss Meetup,2025-05-16,20:15,120,"3216 Bloor St W, Etobicoke, ON ",M8X 1Z4,Tom Riley Park
E0248,1000102,Reduce Stress Meetup,2025-05-16,12:00,45,"1193 Royal York Rd, Toronto, ON",M9A 4B4 ,Lambton Woods
E0249,1000198,Walking Meetup,2025-05-14,12:00,60,"151 Elmcrest Rd, Toronto, ON",M9C 3S2,Centennial Park Conservatory 
E0250,1000242,Swimming Meetup,2025-05-13,12:00,30,"376 Martin Grove Rd, Etobicoke, ON ",M9B 4L7,West Deane Park
E0251,1000188,Reduce Stress Meetup,2025-05-17,12:00,45,"1873 Bloor St W, Toronto, ON ",M6R 2Z3,High Park
E0252,1000079,Weight Loss Meetup,2025-05-18,19:30,45,"100 Humber Bay Park Rd E, Toronto, ON",M8V 3X7 ,Humber Bay Park East
E0253,1000060,Cycling Meetup,2025-05-17,12:00,75,"245 Lake Promenade, Etobicoke, ON ",M8W 1B3,Long Branch Park
E0254,1000274,Jogging Meetup,2025-05-16,12:00,120,"231 Martin Grove Rd, Etobicoke, ON ",M9B 4L2,Hampshire Heights Park
E0255,1000237,Social Meetup,2025-05-13,12:00,90,"15 Swan Ave, Toronto, ON",M9B 1V3 ,Wedgewood Park
E0256,1000276,Cycling Meetup,2025-05-15,7:30,120,"15 Marine Parade Dr, Toronto, ON ",M8V 4G1,Humber Bay Shores Park
E0257,1000436,Improve Health Meetup,2025-05-17,12:45,30,"Chestnut Hills Park, 32 Chestnut Hills Pkwy, Etobicoke, ON ",M9A 3K5,Chestnut Hills Park
E0258,1000308,Improve Health Meetup,2025-05-16,12:00,120,"15 Marine Parade Dr, Toronto, ON ",M8V 4G1,Humber Bay Shores Park
E0259,1000349,Build Strength Meetup,2025-05-16,21:30,90,"615 Horner Ave, Toronto, ON",M8W 2E1 ,Etobicoke Valley Park
E0260,1000202,Build Strength Meetup,2025-05-17,12:00,60,"1193 Royal York Rd, Toronto, ON",M9A 4B4 ,Lambton Woods
E0261,1000158,Training Meetup,2025-05-17,12:00,45,"1873 Bloor St W, Toronto, ON ",M6R 2Z3,High Park
E0262,1000008,Hiking Meetup,2025-05-16,7:00,75,"8 Avon Park Dr, Etobicoke, ON ",M8Z 3X4,Queensway Park
E0263,1000068,Pilates Meetup,2025-05-13,12:00,90,"2001 Lake Shore Blvd W, Toronto, ON ",M6S 5A3,Sir Casimir Gzowski Park
E0264,1000322,Jogging Meetup,2025-05-14,12:00,60,"2001 Lake Shore Blvd W, Toronto, ON ",M6S 5A3,Sir Casimir Gzowski Park
E0265,1000226,Weight Loss Meetup,2025-05-13,14:15,75,"2001 Lake Shore Blvd W, Toronto, ON ",M6K 1L4,Sunnyside Park
E0266,1000098,Social Meetup,2025-05-12,19:15,60,"231 Martin Grove Rd, Etobicoke, ON ",M9B 4L2,Hampshire Heights Park
E0267,1000198,Swimming Meetup,2025-05-15,12:00,75,"245 Lake Promenade, Etobicoke, ON ",M8W 1B3,Long Branch Park
E0268,1000311,Build Strength Meetup,2025-05-14,15:45,75,"100 Humber Bay Park Rd E, Toronto, ON",M8V 3X7 ,Humber Bay Park East
E0269,1000500,Weight Loss Meetup,2025-05-13,12:00,75,"1 Third St, Etobicoke, ON ",M8V 2X5,Prince of Wales Park
E0270,1000117,Reduce Stress Meetup,2025-05-13,12:00,45,"2595 Bloor St W, York, ON ",M6S 1S2,Humber Marshes
E0271,1000403,Swimming Meetup,2025-05-18,12:00,45,"151 Elmcrest Rd, Toronto, ON",M9C 3S2,Centennial Park Conservatory 
E0272,1000428,Pilates Meetup,2025-05-15,12:00,30,"100 Humber Bay Park Rd W, Toronto, ON",M8V 3X7,Humber Bay Park West 
E0273,1000400,Hiking Meetup,2025-05-18,12:00,30,"115 Black Creek Dr, Toronto, ON",M6M 0A9,York Recreation Centre 
E0274,1000149,Training Meetup,2025-05-16,6:45,30,"399 The West Mall, Toronto, ON",M9C 2Y2,Etobicoke Civic Centre 
E0275,1000368,Group Fitness Class Meetup,2025-05-15,12:00,45,"1873 Bloor St W, Toronto, ON ",M6R 2Z3,High Park
E0276,1000152,Improve Health Meetup,2025-05-12,12:15,75,"15 Marine Parade Dr, Toronto, ON ",M8V 4G1,Humber Bay Shores Park
E0277,1000157,Swimming Meetup,2025-05-14,8:00,60,"235 Edenbridge Dr, Etobicoke, ON ",M9A 3G7,Scarlett Mills Park
E0278,1000142,Jogging Meetup,2025-05-18,6:00,30,"256 Centennial Park Rd, Toronto, ON",M9C 5N3 ,Centennial Park
E0279,1000492,Walking Meetup,2025-05-17,13:00,60,"376 Martin Grove Rd, Etobicoke, ON ",M9B 4L7,West Deane Park
E0280,1000362,Cycling Meetup,2025-05-14,12:00,45,"7 Wimbleton Rd, Toronto, ON ",M9A 3S9,Humbertown Park
E0281,1000056,Walking Meetup,2025-05-14,8:30,75,"7 Wimbleton Rd, Toronto, ON ",M9A 3S9,Humbertown Park
E0282,1000232,Weight Loss Meetup,2025-05-16,12:00,75,"1 Third St, Etobicoke, ON ",M8V 2X5,Prince of Wales Park
E0283,1000484,Build Strength Meetup,2025-05-18,12:00,90,"100 Humber Bay Park Rd E, Toronto, ON",M8V 3X7 ,Humber Bay Park East
E0284,1000134,Improve Health Meetup,2025-05-12,12:00,75,"256 Centennial Park Rd, Toronto, ON",M9C 5N3 ,Centennial Park
E0285,1000142,Weight Loss Meetup,2025-05-13,12:00,75,"2 Forty Second St, Toronto, ON",M8V 0A3 ,Marie Curtis Park
E0286,1000328,Reduce Stress Meetup,2025-05-16,12:00,45,"231 Martin Grove Rd, Etobicoke, ON ",M9B 4L2,Hampshire Heights Park
E0287,1000060,Social Meetup,2025-05-17,20:30,45,"235 Edenbridge Dr, Etobicoke, ON ",M9A 3G7,Scarlett Mills Park
E0288,1000292,Social Meetup,2025-05-14,12:00,90,"7 Wimbleton Rd, Toronto, ON ",M9A 3S9,Humbertown Park
E0289,1000273,Swimming Meetup,2025-05-14,21:15,60,"4101 Dundas St W, Toronto, ON ",M8X 1X1,Home Smith Park
E0290,1000065,Training Meetup,2025-05-18,20:45,60,"Chestnut Hills Park, 32 Chestnut Hills Pkwy, Etobicoke, ON ",M9A 3K5,Chestnut Hills Park
E0291,1000157,Swimming Meetup,2025-05-17,8:45,75,"15 Swan Ave, Toronto, ON",M9B 1V3 ,Wedgewood Park
E0292,1000383,Training Meetup,2025-05-13,13:30,75,"Chestnut Hills Park, 32 Chestnut Hills Pkwy, Etobicoke, ON ",M9A 3K5,Chestnut Hills Park
E0293,1000452,Cycling Meetup,2025-05-16,12:00,90,"Florence Gell Park, 85 Varsity Rd, York, ON ",M6S 2P2,Florence Gell Park
E0294,1000339,Weight Loss Meetup,2025-05-14,12:00,90,"1 Third St, Etobicoke, ON ",M8V 2X5,Prince of Wales Park
E0295,1000019,Running Meetup,2025-05-14,8:45,75,"29 Norris Cres, Toronto, ON ",M8V 1S1,Mimico Waterfront Park
E0296,1000348,Weight Loss Meetup,2025-05-14,7:30,75,"99 Edenbridge Dr, Toronto, ON",M9A 3G4 ,James Gardens
E0297,1000400,Build Strength Meetup,2025-05-15,7:15,60,"590 Rathburn Rd, Toronto, ON",M9C 3T3,Etobicoke Olympium 
E0298,1000319,Cycling Meetup,2025-05-13,21:30,30,"Alderwood Memorial Park, 215 Sheldon Ave, Etobicoke, ON ",M8W 2M8,Alderwood Memorial Park
E0299,1000202,Pilates Meetup,2025-05-17,21:30,60,"101 Lake Shore Dr, Etobicoke, ON ",M8V 2Z8,Cliff Lumsdon Park
E0300,1000077,Yoga Meetup,2025-05-16,12:00,45,"256 Centennial Park Rd, Toronto, ON",M9C 5N3 ,Centennial Park
E0301,1000293,Team Sports Meetup,2025-05-14,15:15,60,"399 The West Mall, Toronto, ON",M9C 2Y2,Etobicoke Civic Centre 
E0302,1000166,Weight Training Meetup,2025-05-14,12:00,90,"1 Third St, Etobicoke, ON ",M8V 2X5,Prince of Wales Park
E0303,1000347,Training Meetup,2025-05-13,12:00,75,"185 Spring Rd, Toronto, ON ",M6R 2Y8,Jamie Bell Adventure Playground
E0304,1000392,Training Meetup,2025-05-15,8:30,90,"Royal York Rd & Evans Ave, Toronto, ON",M8Z 1H6 ,Coronation Park 
E0305,1000183,Group Fitness Class Meetup,2025-05-12,7:15,45,"Florence Gell Park, 85 Varsity Rd, York, ON ",M6S 2P2,Florence Gell Park
E0306,1000078,Swimming Meetup,2025-05-16,12:00,90,"7 Wimbleton Rd, Toronto, ON ",M9A 3S9,Humbertown Park
E0307,1000275,Swimming Meetup,2025-05-12,14:30,75,"1873 Bloor St W, Toronto, ON ",M6R 2Z3,High Park
E0308,1000306,Hiking Meetup,2025-05-14,21:45,90,"7 Wimbleton Rd, Toronto, ON ",M9A 3S9,Humbertown Park
E0309,1000267,Weight Training Meetup,2025-05-15,19:00,120,"245 Lake Promenade, Etobicoke, ON ",M8W 1B3,Long Branch Park
E0310,1000010,Hiking Meetup,2025-05-12,12:00,75,"355 The East Mall, Etobicoke, ON ",M9B 3Z7,East Mall Park
E0311,1000433,Weight Loss Meetup,2025-05-12,12:00,90,"1 Pasadena Gardens, York, ON ",M6S 4R3,Magwood Park
E0312,1000367,Swimming Meetup,2025-05-13,12:00,90,"8 Avon Park Dr, Etobicoke, ON ",M8Z 3X4,Queensway Park
E0313,1000019,Team Sports Meetup,2025-05-15,12:00,45,"105 Riverwood Pkwy, Etobicoke, ON ",M8Y 4E4,King's Mill Park
E0314,1000062,Jogging Meetup,2025-05-14,13:45,90,"399 The West Mall, Toronto, ON",M9C 2Y2,Etobicoke Civic Centre 
E0315,1000227,Reduce Stress Meetup,2025-05-13,20:15,120,"Royal York Rd & Evans Ave, Toronto, ON",M8Z 1H6 ,Coronation Park 
E0316,1000152,Hiking Meetup,2025-05-17,12:00,90,"3145 Lake Shore Blvd W, Toronto, ON",M8V 1L4 ,Colonel Samuel Smith Park
E0317,1000126,Build Strength Meetup,2025-05-18,14:30,60,"105 Riverwood Pkwy, Etobicoke, ON ",M8Y 4E4,King's Mill Park
E0318,1000449,Improve Health Meetup,2025-05-12,12:00,60,"245 Lake Promenade, Etobicoke, ON ",M8W 1B3,Long Branch Park
E0319,1000212,Social Meetup,2025-05-13,12:00,60,"1193 Royal York Rd, Toronto, ON",M9A 4B4 ,Lambton Woods
E0320,1000200,Improve Health Meetup,2025-05-15,7:45,90,"2001 Lake Shore Blvd W, Toronto, ON ",M6S 5A3,Sir Casimir Gzowski Park
E0321,1000432,Improve Health Meetup,2025-05-15,12:00,60,"1 Pasadena Gardens, York, ON ",M6S 4R3,Magwood Park
E0322,1000058,Hiking Meetup,2025-05-17,12:00,45,"2595 Bloor St W, York, ON ",M6S 1S2,Humber Marshes
E0323,1000352,Pilates Meetup,2025-05-17,12:00,90,"2001 Lake Shore Blvd W, Toronto, ON ",M6S 5A3,Sir Casimir Gzowski Park
E0324,1000074,Running Meetup,2025-05-15,13:15,60,"185 Spring Rd, Toronto, ON ",M6R 2Y8,Jamie Bell Adventure Playground
E0325,1000351,Walking Meetup,2025-05-15,15:00,60,"1575 Lake Shore Blvd W, Toronto, ON ",M6R 1B5,Budapest Park
E0326,1000411,Walking Meetup,2025-05-12,19:15,90,"29 Norris Cres, Toronto, ON ",M8V 1S1,Mimico Waterfront Park
E0327,1000496,Reduce Stress Meetup,2025-05-12,7:15,90,"235 Edenbridge Dr, Etobicoke, ON ",M9A 3G7,Scarlett Mills Park
E0328,1000117,Hiking Meetup,2025-05-14,12:00,45,"15 Swan Ave, Toronto, ON",M9B 1V3 ,Wedgewood Park
E0329,1000209,Build Strength Meetup,2025-05-12,12:00,90,"29 Norris Cres, Toronto, ON ",M8V 1S1,Mimico Waterfront Park
E0330,1000045,Weight Loss Meetup,2025-05-14,12:00,120,"100 Humber Bay Park Rd W, Toronto, ON",M8V 3X7,Humber Bay Park West 
E0331,1000369,Improve Health Meetup,2025-05-12,12:00,45,"235 Edenbridge Dr, Etobicoke, ON ",M9A 3G7,Scarlett Mills Park
E0332,1000133,Reduce Stress Meetup,2025-05-17,20:00,30,"4101 Dundas St W, Toronto, ON ",M8X 1X1,Home Smith Park
E0333,1000212,Yoga Meetup,2025-05-15,12:00,120,"235 Edenbridge Dr, Etobicoke, ON ",M9A 3G7,Scarlett Mills Park
E0334,1000095,Weight Loss Meetup,2025-05-18,14:45,30,"2595 Bloor St W, York, ON ",M6S 1S2,Humber Marshes
E0335,1000400,Build Strength Meetup,2025-05-18,21:00,90,"4101 Dundas St W, Toronto, ON ",M8X 1X1,Home Smith Park
E0336,1000061,Team Sports Meetup,2025-05-17,21:00,120,"1575 Lake Shore Blvd W, Toronto, ON ",M6R 1B5,Budapest Park
E0337,1000132,Pilates Meetup,2025-05-14,15:15,90,"15 Marine Parade Dr, Toronto, ON ",M8V 4G1,Humber Bay Shores Park
E0338,1000161,Weight Training Meetup,2025-05-17,12:00,30,"15 Swan Ave, Toronto, ON",M9B 1V3 ,Wedgewood Park
E0339,1000053,Reduce Stress Meetup,2025-05-13,12:00,90,"231 Martin Grove Rd, Etobicoke, ON ",M9B 4L2,Hampshire Heights Park
E0340,1000373,Reduce Stress Meetup,2025-05-13,21:00,30,"100 Humber Bay Park Rd E, Toronto, ON",M8V 3X7 ,Humber Bay Park East
E0341,1000368,Group Fitness Class Meetup,2025-05-15,12:00,75,"399 The West Mall, Toronto, ON",M9C 2Y2,Etobicoke Civic Centre 
E0342,1000045,Training Meetup,2025-05-18,12:00,90,"90 Lothian Ave, Etobicoke, ON ",M8Z 4K5,Fairfield Park
E0343,1000443,Social Meetup,2025-05-14,12:00,90,"15 Swan Ave, Toronto, ON",M9B 1V3 ,Wedgewood Park
E0344,1000423,Group Fitness Class Meetup,2025-05-12,12:00,30,"29 Norris Cres, Toronto, ON ",M8V 1S1,Mimico Waterfront Park
E0345,1000486,Reduce Stress Meetup,2025-05-13,12:00,60,"2001 Lake Shore Blvd W, Toronto, ON ",M6K 1L4,Sunnyside Park
E0346,1000385,Cycling Meetup,2025-05-17,21:15,120,"2001 Lake Shore Blvd W, Toronto, ON ",M6K 1L4,Sunnyside Park
E0347,1000063,Weight Training Meetup,2025-05-18,12:00,60,"100 Humber Bay Park Rd W, Toronto, ON",M8V 3X7,Humber Bay Park West 
E0348,1000064,Team Sports Meetup,2025-05-13,12:00,90,"4101 Dundas St W, Toronto, ON ",M8X 1X1,Home Smith Park
E0349,1000452,Hiking Meetup,2025-05-14,12:00,45,"105 Riverwood Pkwy, Etobicoke, ON ",M8Y 4E4,King's Mill Park
E0350,1000197,Reduce Stress Meetup,2025-05-17,13:00,120,"4101 Dundas St W, Toronto, ON ",M8X 1X1,Home Smith Park
E0351,1000445,Group Fitness Class Meetup,2025-05-12,8:45,75,"Alderwood Memorial Park, 215 Sheldon Ave, Etobicoke, ON ",M8W 2M8,Alderwood Memorial Park
E0352,1000170,Weight Training Meetup,2025-05-17,19:00,30,"1873 Bloor St W, Toronto, ON ",M6R 2Z3,High Park
E0353,1000024,Training Meetup,2025-05-16,15:30,75,"100 Humber Bay Park Rd E, Toronto, ON",M8V 3X7 ,Humber Bay Park East
E0354,1000470,Improve Health Meetup,2025-05-18,13:45,30,"235 Edenbridge Dr, Etobicoke, ON ",M9A 3G7,Scarlett Mills Park
E0355,1000481,Reduce Stress Meetup,2025-05-14,12:00,60,"151 Elmcrest Rd, Toronto, ON",M9C 3S2,Centennial Park Conservatory 
E0356,1000069,Training Meetup,2025-05-18,12:00,60,"2 Forty Second St, Toronto, ON",M8V 0A3 ,Marie Curtis Park
E0357,1000273,Running Meetup,2025-05-13,12:00,60,"590 Rathburn Rd, Toronto, ON",M9C 3T3,Etobicoke Olympium 
E0358,1000208,Weight Training Meetup,2025-05-12,12:00,90,"231 Martin Grove Rd, Etobicoke, ON ",M9B 4L2,Hampshire Heights Park
E0359,1000225,Walking Meetup,2025-05-16,12:00,30,"90 Lothian Ave, Etobicoke, ON ",M8Z 4K5,Fairfield Park
E0360,1000397,Social Meetup,2025-05-14,12:00,75,"355 The East Mall, Etobicoke, ON ",M9B 3Z7,East Mall Park
E0361,1000417,Jogging Meetup,2025-05-16,12:00,120,"99 Edenbridge Dr, Toronto, ON",M9A 3G4 ,James Gardens
E0362,1000386,Build Strength Meetup,2025-05-14,12:00,45,"231 Martin Grove Rd, Etobicoke, ON ",M9B 4L2,Hampshire Heights Park
E0363,1000407,Jogging Meetup,2025-05-16,8:00,30,"355 The East Mall, Etobicoke, ON ",M9B 3Z7,East Mall Park
E0364,1000101,Team Sports Meetup,2025-05-13,13:30,120,"1193 Royal York Rd, Toronto, ON",M9A 4B4 ,Lambton Woods
E0365,1000344,Social Meetup,2025-05-15,12:00,30,"2001 Lake Shore Blvd W, Toronto, ON ",M6K 1L4,Sunnyside Park
E0366,1000036,Weight Loss Meetup,2025-05-18,12:00,60,"3145 Lake Shore Blvd W, Toronto, ON",M8V 1L4 ,Colonel Samuel Smith Park
E0367,1000471,Build Strength Meetup,2025-05-18,15:15,75,"399 The West Mall, Toronto, ON",M9C 2Y2,Etobicoke Civic Centre 
E0368,1000050,Team Sports Meetup,2025-05-12,12:00,30,"105 Riverwood Pkwy, Etobicoke, ON ",M8Y 4E4,King's Mill Park
E0369,1000332,Improve Health Meetup,2025-05-13,15:45,45,"105 Riverwood Pkwy, Etobicoke, ON ",M8Y 4E4,King's Mill Park
E0370,1000047,Weight Loss Meetup,2025-05-13,12:00,45,"185 Spring Rd, Toronto, ON ",M6R 2Y8,Jamie Bell Adventure Playground
E0371,1000115,Jogging Meetup,2025-05-16,13:30,30,"4101 Dundas St W, Toronto, ON ",M8X 1X1,Home Smith Park
E0372,1000204,Reduce Stress Meetup,2025-05-18,8:00,75,"1193 Royal York Rd, Toronto, ON",M9A 4B4 ,Lambton Woods
E0373,1000372,Pilates Meetup,2025-05-17,12:00,75,"99 Edenbridge Dr, Toronto, ON",M9A 3G4 ,James Gardens
E0374,1000214,Training Meetup,2025-05-14,12:00,60,"1 Third St, Etobicoke, ON ",M8V 2X5,Prince of Wales Park
E0375,1000086,Team Sports Meetup,2025-05-13,15:15,120,"1575 Lake Shore Blvd W, Toronto, ON ",M6R 1B5,Budapest Park
E0376,1000176,Improve Health Meetup,2025-05-12,12:00,60,"355 The East Mall, Etobicoke, ON ",M9B 3Z7,East Mall Park
E0377,1000357,Reduce Stress Meetup,2025-05-18,21:00,90,"185 Spring Rd, Toronto, ON ",M6R 2Y8,Jamie Bell Adventure Playground
E0378,1000071,Swimming Meetup,2025-05-16,19:00,90,"185 Spring Rd, Toronto, ON ",M6R 2Y8,Jamie Bell Adventure Playground
E0379,1000058,Weight Training Meetup,2025-05-16,13:45,45,"256 Centennial Park Rd, Toronto, ON",M9C 5N3 ,Centennial Park
E0380,1000331,Cycling Meetup,2025-05-14,12:00,75,"3216 Bloor St W, Etobicoke, ON ",M8X 1Z4,Tom Riley Park
E0381,1000351,Build Strength Meetup,2025-05-17,12:00,45,"1 Third St, Etobicoke, ON ",M8V 2X5,Prince of Wales Park
E0382,1000008,Training Meetup,2025-05-12,12:00,75,"376 Martin Grove Rd, Etobicoke, ON ",M9B 4L7,West Deane Park
E0383,1000413,Weight Training Meetup,2025-05-15,12:00,45,"Florence Gell Park, 85 Varsity Rd, York, ON ",M6S 2P2,Florence Gell Park
E0384,1000390,Reduce Stress Meetup,2025-05-16,12:00,30,"100 Humber Bay Park Rd E, Toronto, ON",M8V 3X7 ,Humber Bay Park East
E0385,1000469,Group Fitness Class Meetup,2025-05-16,19:30,90,"Chestnut Hills Park, 32 Chestnut Hills Pkwy, Etobicoke, ON ",M9A 3K5,Chestnut Hills Park
E0386,1000201,Weight Loss Meetup,2025-05-12,14:30,30,"231 Martin Grove Rd, Etobicoke, ON ",M9B 4L2,Hampshire Heights Park
E0387,1000423,Weight Training Meetup,2025-05-16,14:15,120,"99 Edenbridge Dr, Toronto, ON",M9A 3G4 ,James Gardens
E0388,1000390,Reduce Stress Meetup,2025-05-13,12:00,90,"15 Swan Ave, Toronto, ON",M9B 1V3 ,Wedgewood Park
E0389,1000187,Team Sports Meetup,2025-05-18,12:00,60,"4100 Dundas St W, York, ON ",M6S 2T7,Lambton Park
E0390,1000161,Weight Training Meetup,2025-05-12,7:30,90,"15 Swan Ave, Toronto, ON",M9B 1V3 ,Wedgewood Park
E0391,1000069,Walking Meetup,2025-05-13,20:00,120,"100 Humber Bay Park Rd W, Toronto, ON",M8V 3X7,Humber Bay Park West 
E0392,1000265,Pilates Meetup,2025-05-18,13:15,75,"3216 Bloor St W, Etobicoke, ON ",M8X 1Z4,Tom Riley Park
E0393,1000128,Training Meetup,2025-05-18,20:15,60,"590 Rathburn Rd, Toronto, ON",M9C 3T3,Etobicoke Olympium 
E0394,1000022,Hiking Meetup,2025-05-18,8:30,75,"399 The West Mall, Toronto, ON",M9C 2Y2,Etobicoke Civic Centre 
E0395,1000146,Weight Training Meetup,2025-05-12,12:15,90,"101 Lake Shore Dr, Etobicoke, ON ",M8V 2Z8,Cliff Lumsdon Park
E0396,1000027,Build Strength Meetup,2025-05-15,12:00,120,"3216 Bloor St W, Etobicoke, ON ",M8X 1Z4,Tom Riley Park
E0397,1000162,Improve Health Meetup,2025-05-15,12:15,30,"399 The West Mall, Toronto, ON",M9C 2Y2,Etobicoke Civic Centre 
E0398,1000194,Group Fitness Class Meetup,2025-05-12,20:30,60,"115 Black Creek Dr, Toronto, ON",M6M 0A9,York Recreation Centre 
E0399,1000321,Hiking Meetup,2025-05-13,12:00,60,"615 Horner Ave, Toronto, ON",M8W 2E1 ,Etobicoke Valley Park
E0400,1000446,Build Strength Meetup,2025-05-18,7:30,60,"105 Riverwood Pkwy, Etobicoke, ON ",M8Y 4E4,King's Mill Park
E0401,1000450,Reduce Stress Meetup,2025-05-17,8:30,45,"355 The East Mall, Etobicoke, ON ",M9B 3Z7,East Mall Park
E0402,1000077,Improve Health Meetup,2025-05-18,12:00,60,"90 Lothian Ave, Etobicoke, ON ",M8Z 4K5,Fairfield Park
E0403,1000500,Cycling Meetup,2025-05-13,21:00,120,"590 Rathburn Rd, Toronto, ON",M9C 3T3,Etobicoke Olympium 
E0404,1000408,Team Sports Meetup,2025-05-13,12:00,30,"235 Edenbridge Dr, Etobicoke, ON ",M9A 3G7,Scarlett Mills Park
E0405,1000110,Swimming Meetup,2025-05-13,7:45,75,"235 Edenbridge Dr, Etobicoke, ON ",M9A 3G7,Scarlett Mills Park
E0406,1000032,Improve Health Meetup,2025-05-13,13:30,75,"Alderwood Memorial Park, 215 Sheldon Ave, Etobicoke, ON ",M8W 2M8,Alderwood Memorial Park
E0407,1000487,Social Meetup,2025-05-13,12:00,90,"90 Lothian Ave, Etobicoke, ON ",M8Z 4K5,Fairfield Park
E0408,1000133,Cycling Meetup,2025-05-12,12:00,30,"8 Avon Park Dr, Etobicoke, ON ",M8Z 3X4,Queensway Park
E0409,1000305,Social Meetup,2025-05-15,13:15,90,"1193 Royal York Rd, Toronto, ON",M9A 4B4 ,Lambton Woods
E0410,1000103,Improve Health Meetup,2025-05-15,13:00,30,"245 Lake Promenade, Etobicoke, ON ",M8W 1B3,Long Branch Park
E0411,1000095,Improve Health Meetup,2025-05-14,7:15,90,"1 Pasadena Gardens, York, ON ",M6S 4R3,Magwood Park
E0412,1000360,Training Meetup,2025-05-17,6:45,30,"15 Marine Parade Dr, Toronto, ON ",M8V 4G1,Humber Bay Shores Park
E0413,1000383,Reduce Stress Meetup,2025-05-13,13:45,120,"15 Swan Ave, Toronto, ON",M9B 1V3 ,Wedgewood Park
E0414,1000333,Yoga Meetup,2025-05-14,7:15,45,"2595 Bloor St W, York, ON ",M6S 1S2,Humber Marshes
E0415,1000287,Hiking Meetup,2025-05-14,12:00,30,"1575 Lake Shore Blvd W, Toronto, ON ",M6R 1B5,Budapest Park
E0416,1000307,Hiking Meetup,2025-05-14,12:00,75,"2001 Lake Shore Blvd W, Toronto, ON ",M6S 5A3,Sir Casimir Gzowski Park
E0417,1000101,Social Meetup,2025-05-13,7:30,60,"185 Spring Rd, Toronto, ON ",M6R 2Y8,Jamie Bell Adventure Playground
E0418,1000024,Cycling Meetup,2025-05-13,12:00,30,"Florence Gell Park, 85 Varsity Rd, York, ON ",M6S 2P2,Florence Gell Park
E0419,1000041,Group Fitness Class Meetup,2025-05-15,7:45,30,"3216 Bloor St W, Etobicoke, ON ",M8X 1Z4,Tom Riley Park
E0420,1000437,Weight Training Meetup,2025-05-15,12:00,60,"1 Pasadena Gardens, York, ON ",M6S 4R3,Magwood Park
E0421,1000378,Swimming Meetup,2025-05-17,8:15,90,"2001 Lake Shore Blvd W, Toronto, ON ",M6K 1L4,Sunnyside Park
E0422,1000487,Group Fitness Class Meetup,2025-05-16,21:00,90,"Alderwood Memorial Park, 215 Sheldon Ave, Etobicoke, ON ",M8W 2M8,Alderwood Memorial Park
E0423,1000171,Cycling Meetup,2025-05-12,12:00,90,"1 Pasadena Gardens, York, ON ",M6S 4R3,Magwood Park
E0424,1000166,Weight Training Meetup,2025-05-16,8:30,120,"100 Humber Bay Park Rd E, Toronto, ON",M8V 3X7 ,Humber Bay Park East
E0425,1000062,Reduce Stress Meetup,2025-05-15,12:00,75,"231 Martin Grove Rd, Etobicoke, ON ",M9B 4L2,Hampshire Heights Park
E0426,1000316,Yoga Meetup,2025-05-16,12:00,30,"2001 Lake Shore Blvd W, Toronto, ON ",M6S 5A3,Sir Casimir Gzowski Park
E0427,1000026,Weight Training Meetup,2025-05-17,6:00,120,"399 The West Mall, Toronto, ON",M9C 2Y2,Etobicoke Civic Centre 
E0428,1000246,Weight Loss Meetup,2025-05-15,12:00,45,"1 Third St, Etobicoke, ON ",M8V 2X5,Prince of Wales Park
E0429,1000036,Weight Loss Meetup,2025-05-13,12:00,75,"Alderwood Memorial Park, 215 Sheldon Ave, Etobicoke, ON ",M8W 2M8,Alderwood Memorial Park
E0430,1000416,Improve Health Meetup,2025-05-18,12:00,30,"90 Lothian Ave, Etobicoke, ON ",M8Z 4K5,Fairfield Park
E0431,1000087,Weight Loss Meetup,2025-05-14,12:00,30,"235 Edenbridge Dr, Etobicoke, ON ",M9A 3G7,Scarlett Mills Park
E0432,1000304,Build Strength Meetup,2025-05-12,19:00,90,"8 Avon Park Dr, Etobicoke, ON ",M8Z 3X4,Queensway Park
E0433,1000185,Group Fitness Class Meetup,2025-05-13,6:00,90,"1873 Bloor St W, Toronto, ON ",M6R 2Z3,High Park
E0434,1000032,Training Meetup,2025-05-15,8:30,45,"2 Forty Second St, Toronto, ON",M8V 0A3 ,Marie Curtis Park
E0435,1000090,Jogging Meetup,2025-05-15,7:45,60,"4100 Dundas St W, York, ON ",M6S 2T7,Lambton Park
E0436,1000196,Social Meetup,2025-05-12,12:00,120,"101 Lake Shore Dr, Etobicoke, ON ",M8V 2Z8,Cliff Lumsdon Park
E0437,1000289,Improve Health Meetup,2025-05-17,12:45,90,"101 Lake Shore Dr, Etobicoke, ON ",M8V 2Z8,Cliff Lumsdon Park
E0438,1000036,Hiking Meetup,2025-05-18,12:00,45,"Florence Gell Park, 85 Varsity Rd, York, ON ",M6S 2P2,Florence Gell Park
E0439,1000021,Improve Health Meetup,2025-05-15,12:00,60,"590 Rathburn Rd, Toronto, ON",M9C 3T3,Etobicoke Olympium 
E0440,1000468,Group Fitness Class Meetup,2025-05-18,7:15,75,"Royal York Rd & Evans Ave, Toronto, ON",M8Z 1H6 ,Coronation Park 
E0441,1000369,Training Meetup,2025-05-13,6:00,60,"Royal York Rd & Evans Ave, Toronto, ON",M8Z 1H6 ,Coronation Park 
E0442,1000463,Weight Loss Meetup,2025-05-17,6:30,120,"29 Norris Cres, Toronto, ON ",M8V 1S1,Mimico Waterfront Park
E0443,1000069,Training Meetup,2025-05-15,12:00,120,"2 Forty Second St, Toronto, ON",M8V 0A3 ,Marie Curtis Park
E0444,1000065,Hiking Meetup,2025-05-18,12:00,90,"4100 Dundas St W, York, ON ",M6S 2T7,Lambton Park
E0445,1000346,Hiking Meetup,2025-05-15,14:30,60,"Florence Gell Park, 85 Varsity Rd, York, ON ",M6S 2P2,Florence Gell Park
E0446,1000280,Running Meetup,2025-05-17,12:00,75,"1 Pasadena Gardens, York, ON ",M6S 4R3,Magwood Park
E0447,1000108,Social Meetup,2025-05-16,12:00,60,"399 The West Mall, Toronto, ON",M9C 2Y2,Etobicoke Civic Centre 
E0448,1000180,Weight Training Meetup,2025-05-15,6:45,90,"100 Humber Bay Park Rd E, Toronto, ON",M8V 3X7 ,Humber Bay Park East
E0449,1000253,Training Meetup,2025-05-14,12:00,45,"355 The East Mall, Etobicoke, ON ",M9B 3Z7,East Mall Park
E0450,1000358,Cycling Meetup,2025-05-16,12:00,120,"105 Riverwood Pkwy, Etobicoke, ON ",M8Y 4E4,King's Mill Park
E0451,1000358,Cycling Meetup,2025-05-12,21:15,30,"3216 Bloor St W, Etobicoke, ON ",M8X 1Z4,Tom Riley Park
E0452,1000340,Social Meetup,2025-05-15,21:00,60,"100 Humber Bay Park Rd W, Toronto, ON",M8V 3X7,Humber Bay Park West 
E0453,1000214,Training Meetup,2025-05-17,7:00,30,"2 Forty Second St, Toronto, ON",M8V 0A3 ,Marie Curtis Park
E0454,1000164,Weight Loss Meetup,2025-05-17,20:15,120,"2 Forty Second St, Toronto, ON",M8V 0A3 ,Marie Curtis Park
E0455,1000046,Weight Training Meetup,2025-05-12,19:15,60,"115 Black Creek Dr, Toronto, ON",M6M 0A9,York Recreation Centre 
E0456,1000045,Weight Training Meetup,2025-05-17,12:00,120,"3145 Lake Shore Blvd W, Toronto, ON",M8V 1L4 ,Colonel Samuel Smith Park
E0457,1000455,Improve Health Meetup,2025-05-12,12:00,75,"115 Black Creek Dr, Toronto, ON",M6M 0A9,York Recreation Centre 
E0458,1000466,Build Strength Meetup,2025-05-18,12:00,30,"399 The West Mall, Toronto, ON",M9C 2Y2,Etobicoke Civic Centre 
E0459,1000360,Weight Loss Meetup,2025-05-17,12:00,30,"15 Swan Ave, Toronto, ON",M9B 1V3 ,Wedgewood Park
E0460,1000319,Walking Meetup,2025-05-15,21:15,90,"615 Horner Ave, Toronto, ON",M8W 2E1 ,Etobicoke Valley Park
E0461,1000056,Walking Meetup,2025-05-12,21:15,45,"15 Marine Parade Dr, Toronto, ON ",M8V 4G1,Humber Bay Shores Park
E0462,1000011,Pilates Meetup,2025-05-13,12:00,120,"100 Humber Bay Park Rd E, Toronto, ON",M8V 3X7 ,Humber Bay Park East
E0463,1000132,Weight Loss Meetup,2025-05-14,13:30,120,"4100 Dundas St W, York, ON ",M6S 2T7,Lambton Park
E0464,1000285,Improve Health Meetup,2025-05-12,19:15,30,"376 Martin Grove Rd, Etobicoke, ON ",M9B 4L7,West Deane Park
E0465,1000217,Running Meetup,2025-05-16,6:00,120,"2 Forty Second St, Toronto, ON",M8V 0A3 ,Marie Curtis Park
E0466,1000340,Yoga Meetup,2025-05-16,12:00,75,"Chestnut Hills Park, 32 Chestnut Hills Pkwy, Etobicoke, ON ",M9A 3K5,Chestnut Hills Park
E0467,1000222,Swimming Meetup,2025-05-16,19:00,45,"231 Martin Grove Rd, Etobicoke, ON ",M9B 4L2,Hampshire Heights Park
E0468,1000353,Build Strength Meetup,2025-05-15,14:00,75,"105 Riverwood Pkwy, Etobicoke, ON ",M8Y 4E4,King's Mill Park
E0469,1000395,Jogging Meetup,2025-05-13,12:00,75,"Chestnut Hills Park, 32 Chestnut Hills Pkwy, Etobicoke, ON ",M9A 3K5,Chestnut Hills Park
E0470,1000022,Weight Training Meetup,2025-05-12,19:45,90,"2001 Lake Shore Blvd W, Toronto, ON ",M6S 5A3,Sir Casimir Gzowski Park
E0471,1000217,Social Meetup,2025-05-14,12:00,60,"15 Marine Parade Dr, Toronto, ON ",M8V 4G1,Humber Bay Shores Park
E0472,1000176,Training Meetup,2025-05-12,8:15,75,"245 Lake Promenade, Etobicoke, ON ",M8W 1B3,Long Branch Park
E0473,1000199,Reduce Stress Meetup,2025-05-18,19:45,30,"1193 Royal York Rd, Toronto, ON",M9A 4B4 ,Lambton Woods
E0474,1000023,Build Strength Meetup,2025-05-12,21:00,30,"355 The East Mall, Etobicoke, ON ",M9B 3Z7,East Mall Park
E0475,1000379,Swimming Meetup,2025-05-16,12:00,120,"2001 Lake Shore Blvd W, Toronto, ON ",M6K 1L4,Sunnyside Park
E0476,1000383,Jogging Meetup,2025-05-14,12:00,30,"1193 Royal York Rd, Toronto, ON",M9A 4B4 ,Lambton Woods
E0477,1000096,Build Strength Meetup,2025-05-12,6:00,90,"7 Wimbleton Rd, Toronto, ON ",M9A 3S9,Humbertown Park
E0478,1000423,Training Meetup,2025-05-13,8:30,90,"100 Humber Bay Park Rd W, Toronto, ON",M8V 3X7,Humber Bay Park West 
E0479,1000310,Weight Training Meetup,2025-05-15,21:30,90,"8 Avon Park Dr, Etobicoke, ON ",M8Z 3X4,Queensway Park
E0480,1000425,Jogging Meetup,2025-05-16,15:15,30,"105 Riverwood Pkwy, Etobicoke, ON ",M8Y 4E4,King's Mill Park
E0481,1000040,Walking Meetup,2025-05-17,6:45,45,"99 Edenbridge Dr, Toronto, ON",M9A 3G4 ,James Gardens
E0482,1000025,Weight Training Meetup,2025-05-13,12:00,120,"100 Humber Bay Park Rd W, Toronto, ON",M8V 3X7,Humber Bay Park West 
E0483,1000305,Training Meetup,2025-05-17,12:00,30,"399 The West Mall, Toronto, ON",M9C 2Y2,Etobicoke Civic Centre 
E0484,1000493,Team Sports Meetup,2025-05-16,8:00,30,"245 Lake Promenade, Etobicoke, ON ",M8W 1B3,Long Branch Park
E0485,1000056,Yoga Meetup,2025-05-13,12:00,45,"235 Edenbridge Dr, Etobicoke, ON ",M9A 3G7,Scarlett Mills Park
E0486,1000356,Jogging Meetup,2025-05-14,15:30,75,"115 Black Creek Dr, Toronto, ON",M6M 0A9,York Recreation Centre 
E0487,1000190,Reduce Stress Meetup,2025-05-12,12:00,30,"2001 Lake Shore Blvd W, Toronto, ON ",M6K 1L4,Sunnyside Park
E0488,1000348,Training Meetup,2025-05-17,8:00,30,"90 Lothian Ave, Etobicoke, ON ",M8Z 4K5,Fairfield Park
E0489,1000343,Weight Loss Meetup,2025-05-18,12:00,90,"1193 Royal York Rd, Toronto, ON",M9A 4B4 ,Lambton Woods
E0490,1000082,Hiking Meetup,2025-05-18,12:00,120,"2595 Bloor St W, York, ON ",M6S 1S2,Humber Marshes
E0491,1000469,Swimming Meetup,2025-05-16,12:00,90,"8 Avon Park Dr, Etobicoke, ON ",M8Z 3X4,Queensway Park
E0492,1000118,Build Strength Meetup,2025-05-14,12:00,45,"1575 Lake Shore Blvd W, Toronto, ON ",M6R 1B5,Budapest Park
E0493,1000309,Running Meetup,2025-05-16,12:00,75,"29 Norris Cres, Toronto, ON ",M8V 1S1,Mimico Waterfront Park
E0494,1000128,Training Meetup,2025-05-12,21:15,120,"3216 Bloor St W, Etobicoke, ON ",M8X 1Z4,Tom Riley Park
E0495,1000118,Jogging Meetup,2025-05-13,8:30,60,"15 Marine Parade Dr, Toronto, ON ",M8V 4G1,Humber Bay Shores Park
E0496,1000222,Build Strength Meetup,2025-05-13,12:00,75,"29 Norris Cres, Toronto, ON ",M8V 1S1,Mimico Waterfront Park
E0497,1000271,Team Sports Meetup,2025-05-13,21:00,90,"355 The East Mall, Etobicoke, ON ",M9B 3Z7,East Mall Park
E0498,1000268,Running Meetup,2025-05-14,15:15,120,"90 Lothian Ave, Etobicoke, ON ",M8Z 4K5,Fairfield Park
E0499,1000384,Weight Loss Meetup,2025-05-13,12:00,45,"1873 Bloor St W, Toronto, ON ",M6R 2Z3,High Park
E0500,1000204,Build Strength Meetup,2025-05-15,21:45,45,"590 Rathburn Rd, Toronto, ON",M9C 3T3,Etobicoke Olympium 
