event_id,organizer_id,name,date,time,duration,address,postalcode,time_of_day,physical_intensity,tags
E0001,1000462,Yoga Meetup,2025-05-14,7:15,90,"86564 Richard Road Apt. 487, Toronto, ON M9A 0A3",M9A 0A3,Early Morning,Medium,"Team Sports, Improve Health, Social, Cycling, Weight Loss, Yoga"
E0002,1000232,Weight Loss Meetup,2025-05-17,13:45,45,"642 Taylor Cove, Toronto, ON M9A 0B2",M9A 0B2,Afternoon,Low,"Weight Training, Social, Weight Loss, Yoga, Training, Pilates"
E0003,1000137,Weight Loss Meetup,2025-05-12,14:45,90,"1280 Obrien Meadows Apt. 687, Toronto, ON M9A 0A5",M9A 0A5,Afternoon,Medium,"Improve Health, Weight Training, Running, Weight Loss, Training, Group Fitness Class"
E0004,1000315,Improve Health Meetup,2025-05-13,20:15,75,"65676 John Shoals, Toronto, ON M9A 0A4",M9A 0A4,Late Evening,Medium,"Team Sports, Improve Health, Cycling, Weight Loss, Reduce Stress, Group Fitness Class"
E0005,1000198,Swimming Meetup,2025-05-13,7:00,60,"62531 Perry Landing, Toronto, ON M9A 0A5",M9A 0A5,Early Morning,Medium,"Improve Health, Social, Swimming, Walking, Yoga, Reduce Stress"
E0006,1000440,Hiking Meetup,2025-05-17,20:45,90,"5198 Jay Mission Apt. 399, Toronto, ON M9A 2V5",M9A 2V5,Late Evening,Low,"Improve Health, Hiking, Social, Walking, Training, Group Fitness Class"
E0007,1000261,Running Meetup,2025-05-17,12:00,90,"8625 Estrada Summit, Toronto, ON M9A 2V5",M9A 2V5,Mid Morning,Low,"Improve Health, Running, Social, Cycling, Build Strength, Yoga"
E0008,1000068,Weight Training Meetup,2025-05-15,12:00,60,"3053 Kristina Shores, Toronto, ON M9A 0B5",M9A 0B5,Mid Morning,Low,"Improve Health, Weight Training, Hiking, Social, Build Strength, Pilates"
E0009,1000401,Team Sports Meetup,2025-05-15,21:30,120,"5749 Wong Flat, Toronto, ON M9A 0B2",M9A 0B2,Late Evening,Low,"Team Sports, Improve Health, Hiking, Weight Loss, Reduce Stress, Pilates"
E0010,1000463,Improve Health Meetup,2025-05-18,7:15,45,"08856 Alexander Field Suite 643, Toronto, ON M9A 0A3",M9A 0A3,Early Morning,High,"Improve Health, Weight Training, Swimming, Build Strength, Weight Loss, Pilates"
E0011,1000435,Pilates Meetup,2025-05-14,8:15,120,"3178 Jennifer Turnpike Suite 548, Toronto, ON M9A 0A4",M9A 0A4,Early Morning,Low,"Running, Weight Loss, Training, Jogging, Reduce Stress, Pilates"
E0012,1000083,Team Sports Meetup,2025-05-15,20:30,60,"5582 Pierce Trail Apt. 446, Toronto, ON M9A 0A6",M9A 0A6,Late Evening,High,"Team Sports, Hiking, Build Strength, Weight Loss, Jogging, Reduce Stress"
E0013,1000112,Build Strength Meetup,2025-05-17,12:00,30,"686 Jean Turnpike, Toronto, ON M9A 0A5",M9A 0A5,Evening,High,"Improve Health, Hiking, Cycling, Walking, Build Strength, Weight Loss"
E0014,1000109,Group Fitness Class Meetup,2025-05-14,12:00,90,"48445 Thompson Alley, Toronto, ON M9A 0A4",M9A 0A4,Mid Morning,Low,"Improve Health, Hiking, Social, Cycling, Build Strength, Group Fitness Class"
E0015,1000417,Yoga Meetup,2025-05-16,12:00,60,"74434 Hensley Circle, Toronto, ON M9A 2V6",M9A 2V6,Lunch,Medium,"Improve Health, Hiking, Yoga, Training, Jogging, Reduce Stress"
E0016,1000499,Yoga Meetup,2025-05-14,12:00,45,"4023 Castillo Drive Apt. 461, Toronto, ON M9A 0B2",M9A 0B2,Evening,Low,"Improve Health, Walking, Yoga, Training, Reduce Stress, Group Fitness Class"
E0017,1000131,Group Fitness Class Meetup,2025-05-17,19:45,30,"64040 Sarah Lock, Toronto, ON M9A 0A6",M9A 0A6,Late Evening,Low,"Weight Training, Hiking, Build Strength, Weight Loss, Reduce Stress, Group Fitness Class"
E0018,1000013,Swimming Meetup,2025-05-13,12:45,45,"17209 Wood Roads Apt. 772, Toronto, ON M9A 0B5",M9A 0B5,Afternoon,Low,"Hiking, Social, Swimming, Build Strength, Weight Loss, Group Fitness Class"
E0019,1000444,Jogging Meetup,2025-05-13,12:00,75,"6863 Browning Drive Apt. 777, Toronto, ON M9A 2V6",M9A 2V6,Lunch,High,"Improve Health, Weight Training, Training, Jogging, Reduce Stress, Group Fitness Class"
E0020,1000190,Yoga Meetup,2025-05-18,12:00,120,"21278 Amber Curve Suite 465, Toronto, ON M9A 0B2",M9A 0B2,Mid Morning,High,"Social, Swimming, Cycling, Build Strength, Yoga, Reduce Stress"
E0021,1000448,Weight Training Meetup,2025-05-13,12:00,90,"884 Aaron Mountain Suite 697, Toronto, ON M9A 0B5",M9A 0B5,Mid Morning,High,"Team Sports, Weight Training, Social, Build Strength, Reduce Stress, Pilates"
E0022,1000132,Cycling Meetup,2025-05-12,12:00,75,"88894 Reeves Underpass, Toronto, ON M9A 0B2",M9A 0B2,Lunch,Low,"Improve Health, Running, Cycling, Weight Loss, Training, Pilates"
E0023,1000064,Training Meetup,2025-05-14,20:15,90,"48217 Blake Mountain, Toronto, ON M9A 2V6",M9A 2V6,Late Evening,High,"Team Sports, Improve Health, Weight Training, Build Strength, Training, Pilates"
E0024,1000404,Pilates Meetup,2025-05-17,19:00,45,"87081 Williams Roads, Toronto, ON M9A 0A4",M9A 0A4,Late Evening,Medium,"Running, Social, Training, Jogging, Reduce Stress, Pilates"
E0025,1000426,Social Meetup,2025-05-13,12:00,120,"8066 Michael Springs Apt. 157, Toronto, ON M9A 2V6",M9A 2V6,Evening,High,"Improve Health, Social, Cycling, Walking, Training, Pilates"
E0026,1000346,Training Meetup,2025-05-17,12:00,30,"2537 Turner Plaza Suite 249, Toronto, ON M9A 2V5",M9A 2V5,Evening,High,"Weight Training, Hiking, Weight Loss, Yoga, Training, Reduce Stress"
E0027,1000209,Pilates Meetup,2025-05-13,13:00,120,"9730 Diane Loaf, Toronto, ON M9A 2V6",M9A 2V6,Afternoon,Medium,"Social, Walking, Build Strength, Jogging, Reduce Stress, Pilates"
E0028,1000188,Weight Loss Meetup,2025-05-12,12:00,90,"2135 Lewis Lakes, Toronto, ON M9A 0A6",M9A 0A6,Lunch,High,"Hiking, Running, Social, Weight Loss, Reduce Stress, Group Fitness Class"
E0029,1000327,Build Strength Meetup,2025-05-17,15:15,30,"456 Hall Loaf Suite 652, Toronto, ON M9A 0A6",M9A 0A6,Afternoon,Low,"Running, Walking, Build Strength, Weight Loss, Yoga, Reduce Stress"
E0030,1000339,Weight Loss Meetup,2025-05-13,12:00,120,"2142 Brian Rapid Suite 264, Toronto, ON M9A 0B5",M9A 0B5,Evening,Medium,"Team Sports, Improve Health, Hiking, Build Strength, Weight Loss, Jogging"
E0031,1000034,Swimming Meetup,2025-05-17,12:00,60,"7842 Nelson Walk, Toronto, ON M9A 2V6",M9A 2V6,Mid Morning,Medium,"Improve Health, Hiking, Swimming, Build Strength, Training, Group Fitness Class"
E0032,1000383,Social Meetup,2025-05-12,7:45,75,"9127 Dylan Gateway Apt. 487, Toronto, ON M9A 2V5",M9A 2V5,Early Morning,Low,"Social, Yoga, Training, Jogging, Reduce Stress, Pilates"
E0033,1000486,Social Meetup,2025-05-14,14:15,60,"89562 Chang Trafficway, Toronto, ON M9A 2V5",M9A 2V5,Afternoon,Medium,"Team Sports, Improve Health, Social, Cycling, Reduce Stress, Pilates"
E0034,1000151,Pilates Meetup,2025-05-15,12:00,45,"96156 Jonathan Grove, Toronto, ON M9A 2V5",M9A 2V5,Mid Morning,Low,"Improve Health, Walking, Weight Loss, Yoga, Reduce Stress, Pilates"
E0035,1000302,Weight Loss Meetup,2025-05-15,12:00,30,"4688 John Inlet, Toronto, ON M9A 0A6",M9A 0A6,Mid Morning,Medium,"Team Sports, Improve Health, Weight Training, Hiking, Build Strength, Weight Loss"
E0036,1000471,Social Meetup,2025-05-17,12:00,30,"5728 Victoria Mountain, Toronto, ON M9A 0A5",M9A 0A5,Evening,Low,"Hiking, Social, Walking, Build Strength, Yoga, Training"
E0037,1000138,Improve Health Meetup,2025-05-16,8:45,45,"771 Bradley Crescent, Toronto, ON M9A 0B5",M9A 0B5,Early Morning,Low,"Improve Health, Swimming, Walking, Weight Loss, Yoga, Reduce Stress"
E0038,1000478,Social Meetup,2025-05-17,12:00,60,"2504 Hardy Ferry, Toronto, ON M9A 0A6",M9A 0A6,Lunch,Medium,"Team Sports, Social, Cycling, Build Strength, Weight Loss, Pilates"
E0039,1000124,Social Meetup,2025-05-18,8:00,90,"608 Hodge Valley Apt. 331, Toronto, ON M9A 2V5",M9A 2V5,Early Morning,Low,"Improve Health, Running, Social, Cycling, Build Strength, Group Fitness Class"
E0040,1000149,Team Sports Meetup,2025-05-17,12:00,120,"61051 Frederick Mews Apt. 739, Toronto, ON M9A 0B5",M9A 0B5,Lunch,Low,"Team Sports, Weight Training, Social, Cycling, Build Strength, Training"
E0041,1000053,Swimming Meetup,2025-05-17,12:00,30,"25967 James Row Apt. 633, Toronto, ON M9A 0A4",M9A 0A4,Evening,Low,"Team Sports, Improve Health, Swimming, Weight Loss, Reduce Stress, Pilates"
E0042,1000143,Improve Health Meetup,2025-05-15,7:45,90,"505 Sanders Ville, Toronto, ON M9A 0B5",M9A 0B5,Early Morning,Medium,"Improve Health, Weight Training, Swimming, Cycling, Training, Reduce Stress"
E0043,1000392,Jogging Meetup,2025-05-18,12:00,60,"860 Carroll Gateway, Toronto, ON M9A 2V6",M9A 2V6,Evening,High,"Weight Training, Build Strength, Training, Jogging, Reduce Stress, Pilates"
E0044,1000064,Pilates Meetup,2025-05-16,20:30,60,"07733 Snyder Alley Apt. 908, Toronto, ON M9A 2V5",M9A 2V5,Late Evening,High,"Team Sports, Improve Health, Weight Training, Build Strength, Training, Pilates"
E0045,1000078,Group Fitness Class Meetup,2025-05-15,13:00,75,"8310 Davis Coves Apt. 711, Toronto, ON M9A 0A6",M9A 0A6,Afternoon,Medium,"Improve Health, Social, Swimming, Yoga, Reduce Stress, Group Fitness Class"
E0046,1000360,Cycling Meetup,2025-05-13,8:30,90,"4819 Christian Inlet, Toronto, ON M9A 0A4",M9A 0A4,Early Morning,Low,"Running, Social, Cycling, Weight Loss, Training, Pilates"
E0047,1000001,Training Meetup,2025-05-17,6:00,75,"8330 Michelle Crossroad Suite 076, Toronto, ON M9A 0B5",M9A 0B5,Early Morning,High,"Improve Health, Walking, Weight Loss, Training, Jogging, Pilates"
E0048,1000079,Weight Loss Meetup,2025-05-14,12:00,75,"7525 Elizabeth Shores, Toronto, ON M9A 0A5",M9A 0A5,Evening,High,"Weight Training, Hiking, Walking, Build Strength, Weight Loss, Training"
E0049,1000464,Running Meetup,2025-05-14,6:00,90,"96425 Levine Dale Apt. 408, Toronto, ON M9A 0A3",M9A 0A3,Early Morning,Medium,"Running, Social, Walking, Build Strength, Weight Loss, Yoga"
E0050,1000422,Jogging Meetup,2025-05-14,8:00,90,"53625 Rodriguez Parkways, Toronto, ON M9A 0A6",M9A 0A6,Early Morning,Low,"Walking, Build Strength, Weight Loss, Jogging, Reduce Stress, Group Fitness Class"
E0051,1000080,Group Fitness Class Meetup,2025-05-15,8:45,30,"20103 Ruiz Loaf, Toronto, ON M9A 0A4",M9A 0A4,Early Morning,Medium,"Social, Swimming, Walking, Build Strength, Training, Group Fitness Class"
E0052,1000083,Jogging Meetup,2025-05-16,20:15,75,"601 Samuel Glens Apt. 912, Toronto, ON M9A 0A4",M9A 0A4,Late Evening,Medium,"Team Sports, Hiking, Build Strength, Weight Loss, Jogging, Reduce Stress"
E0053,1000488,Pilates Meetup,2025-05-12,12:00,90,"16843 Carolyn Canyon, Toronto, ON M9A 2V6",M9A 2V6,Evening,High,"Social, Cycling, Walking, Build Strength, Reduce Stress, Pilates"
E0054,1000381,Team Sports Meetup,2025-05-15,12:00,90,"8915 Jerry Club Suite 964, Toronto, ON M9A 2V6",M9A 2V6,Mid Morning,Medium,"Team Sports, Weight Training, Social, Cycling, Build Strength, Training"
E0055,1000380,Reduce Stress Meetup,2025-05-12,12:00,60,"2738 Kerr Drives, Toronto, ON M9A 0A4",M9A 0A4,Mid Morning,Medium,"Social, Swimming, Cycling, Walking, Weight Loss, Reduce Stress"
E0056,1000038,Improve Health Meetup,2025-05-14,8:30,60,"6223 Stephanie Village, Toronto, ON M9A 0A6",M9A 0A6,Early Morning,Medium,"Improve Health, Running, Swimming, Cycling, Weight Loss, Reduce Stress"
E0057,1000381,Build Strength Meetup,2025-05-18,12:00,60,"953 Fernando Heights Suite 711, Toronto, ON M9A 0A5",M9A 0A5,Mid Morning,Low,"Team Sports, Weight Training, Social, Cycling, Build Strength, Training"
E0058,1000329,Group Fitness Class Meetup,2025-05-14,12:00,120,"7507 Lewis Plains, Toronto, ON M9A 0A3",M9A 0A3,Mid Morning,High,"Weight Training, Build Strength, Weight Loss, Yoga, Training, Group Fitness Class"
E0059,1000261,Social Meetup,2025-05-13,21:00,90,"14376 William Plain Suite 503, Toronto, ON M9A 0A5",M9A 0A5,Late Evening,High,"Improve Health, Running, Social, Cycling, Build Strength, Yoga"
E0060,1000335,Weight Loss Meetup,2025-05-15,12:00,75,"68160 Daniel Flats, Toronto, ON M9A 0A3",M9A 0A3,Lunch,Medium,"Improve Health, Running, Swimming, Walking, Weight Loss, Reduce Stress"
E0061,1000410,Team Sports Meetup,2025-05-17,20:45,30,"478 Wallace Circle, Toronto, ON M9A 0B2",M9A 0B2,Late Evening,Medium,"Team Sports, Hiking, Social, Cycling, Weight Loss, Training"
E0062,1000208,Weight Loss Meetup,2025-05-13,12:00,45,"721 French Mall, Toronto, ON M9A 2V5",M9A 2V5,Mid Morning,Medium,"Weight Training, Hiking, Social, Walking, Weight Loss, Training"
E0063,1000309,Reduce Stress Meetup,2025-05-16,14:30,90,"128 Linda Lakes Apt. 005, Toronto, ON M9A 0A5",M9A 0A5,Afternoon,Low,"Weight Training, Running, Social, Weight Loss, Reduce Stress, Pilates"
E0064,1000074,Weight Loss Meetup,2025-05-14,13:15,90,"5644 Natalie Islands, Toronto, ON M9A 0A4",M9A 0A4,Afternoon,Medium,"Weight Training, Running, Social, Weight Loss, Jogging, Reduce Stress"
E0065,1000019,Training Meetup,2025-05-18,12:00,90,"291 Richard Mall Apt. 572, Toronto, ON M9A 2V6",M9A 2V6,Mid Morning,Low,"Team Sports, Running, Build Strength, Yoga, Training, Reduce Stress"
E0066,1000357,Reduce Stress Meetup,2025-05-15,13:45,60,"347 Colton Valleys, Toronto, ON M9A 0A5",M9A 0A5,Afternoon,Medium,"Team Sports, Weight Training, Cycling, Build Strength, Training, Reduce Stress"
E0067,1000283,Social Meetup,2025-05-12,12:00,90,"746 Meyer Walk Apt. 084, Toronto, ON M9A 2V6",M9A 2V6,Lunch,Low,"Team Sports, Weight Training, Social, Build Strength, Reduce Stress, Pilates"
E0068,1000050,Team Sports Meetup,2025-05-17,12:00,90,"120 Christopher Ridge, Toronto, ON M9A 0A4",M9A 0A4,Evening,Medium,"Team Sports, Running, Walking, Weight Loss, Training, Reduce Stress"
E0069,1000131,Weight Loss Meetup,2025-05-17,15:30,45,"847 Kristi Point, Toronto, ON M9A 0B5",M9A 0B5,Afternoon,Medium,"Weight Training, Hiking, Build Strength, Weight Loss, Reduce Stress, Group Fitness Class"
E0070,1000031,Weight Loss Meetup,2025-05-12,12:00,120,"87535 Miles Trace, Toronto, ON M9A 0A5",M9A 0A5,Lunch,High,"Improve Health, Hiking, Swimming, Build Strength, Weight Loss, Yoga"
E0071,1000333,Walking Meetup,2025-05-13,7:15,45,"5326 Vargas Course Suite 255, Toronto, ON M9A 0A6",M9A 0A6,Early Morning,Low,"Improve Health, Swimming, Walking, Weight Loss, Yoga, Reduce Stress"
E0072,1000116,Weight Loss Meetup,2025-05-12,12:00,30,"857 Fry Walk Suite 196, Toronto, ON M9A 0A3",M9A 0A3,Evening,Low,"Cycling, Walking, Weight Loss, Training, Jogging, Reduce Stress"
E0073,1000288,Social Meetup,2025-05-15,21:30,45,"0830 Sarah Square, Toronto, ON M9A 0B2",M9A 0B2,Late Evening,High,"Running, Social, Build Strength, Training, Jogging, Group Fitness Class"
E0074,1000159,Training Meetup,2025-05-12,12:00,30,"3445 Myers Streets, Toronto, ON M9A 0A6",M9A 0A6,Mid Morning,Medium,"Team Sports, Swimming, Walking, Build Strength, Weight Loss, Training"
E0075,1000028,Hiking Meetup,2025-05-12,12:00,45,"9779 Kathleen Pine Suite 935, Toronto, ON M9A 2V5",M9A 2V5,Mid Morning,High,"Hiking, Social, Swimming, Cycling, Weight Loss, Reduce Stress"
E0076,1000071,Jogging Meetup,2025-05-16,21:15,60,"526 Melvin Mall Suite 507, Toronto, ON M9A 0B2",M9A 0B2,Late Evening,Low,"Social, Swimming, Build Strength, Weight Loss, Jogging, Pilates"
E0077,1000268,Reduce Stress Meetup,2025-05-15,7:15,75,"19414 Parker Avenue, Toronto, ON M9A 0B2",M9A 0B2,Early Morning,High,"Running, Social, Walking, Weight Loss, Jogging, Reduce Stress"
E0078,1000075,Weight Loss Meetup,2025-05-14,12:45,90,"13207 Ricky Mall, Toronto, ON M9A 0A5",M9A 0A5,Afternoon,Medium,"Improve Health, Weight Training, Running, Weight Loss, Jogging, Reduce Stress"
E0079,1000095,Team Sports Meetup,2025-05-12,20:45,30,"655 Powell Plains Apt. 018, Toronto, ON M9A 0A3",M9A 0A3,Late Evening,High,"Team Sports, Improve Health, Swimming, Build Strength, Weight Loss, Jogging"
E0080,1000128,Pilates Meetup,2025-05-14,12:00,120,"3165 Robert Freeway, Toronto, ON M9A 2V5",M9A 2V5,Mid Morning,Low,"Improve Health, Pilates, Social, Walking, Training, Group Fitness Class"
E0081,1000092,Build Strength Meetup,2025-05-16,12:00,60,"9942 Stephanie Camp Suite 706, Toronto, ON M9A 0B5",M9A 0B5,Lunch,Medium,"Improve Health, Hiking, Social, Cycling, Build Strength, Yoga"
E0082,1000413,Pilates Meetup,2025-05-13,12:00,75,"17170 Green Fords Apt. 062, Toronto, ON M9A 0A6",M9A 0A6,Mid Morning,Low,"Weight Training, Social, Swimming, Training, Reduce Stress, Pilates"
E0083,1000233,Reduce Stress Meetup,2025-05-17,12:00,90,"74924 English Trail, Toronto, ON M9A 2V6",M9A 2V6,Mid Morning,High,"Improve Health, Weight Training, Swimming, Cycling, Weight Loss, Reduce Stress"
E0084,1000179,Social Meetup,2025-05-15,12:00,30,"5912 Joseph Spurs Apt. 750, Toronto, ON M9A 2V5",M9A 2V5,Evening,Low,"Running, Social, Swimming, Build Strength, Reduce Stress, Group Fitness Class"
E0085,1000379,Build Strength Meetup,2025-05-16,12:00,120,"704 Alexis Isle, Toronto, ON M9A 0A5",M9A 0A5,Evening,Medium,"Improve Health, Swimming, Build Strength, Training, Jogging, Group Fitness Class"
E0086,1000070,Training Meetup,2025-05-14,12:00,30,"0022 Sheppard Rue Suite 340, Toronto, ON M9A 0A5",M9A 0A5,Lunch,High,"Improve Health, Social, Swimming, Cycling, Training, Pilates"
E0087,1000163,Cycling Meetup,2025-05-17,19:00,90,"076 Christopher Green, Toronto, ON M9A 0A3",M9A 0A3,Late Evening,Low,"Improve Health, Weight Training, Cycling, Build Strength, Weight Loss, Yoga"
E0088,1000041,Pilates Meetup,2025-05-12,12:00,45,"06242 Rosario Wall Apt. 237, Toronto, ON M9A 2V5",M9A 2V5,Mid Morning,High,"Improve Health, Pilates, Swimming, Weight Loss, Training, Group Fitness Class"
E0089,1000262,Jogging Meetup,2025-05-14,12:15,120,"9714 Amanda Flats, Toronto, ON M9A 0A4",M9A 0A4,Afternoon,Medium,"Team Sports, Improve Health, Social, Cycling, Weight Loss, Jogging"
E0090,1000457,Social Meetup,2025-05-16,13:45,120,"14244 Mccarthy Skyway, Toronto, ON M9A 0A3",M9A 0A3,Afternoon,Low,"Improve Health, Running, Social, Walking, Build Strength, Jogging"
E0091,1000368,Group Fitness Class Meetup,2025-05-15,13:00,75,"5354 Shelton Isle Apt. 603, Toronto, ON M9A 0A3",M9A 0A3,Afternoon,Low,"Improve Health, Social, Yoga, Jogging, Reduce Stress, Group Fitness Class"
E0092,1000191,Team Sports Meetup,2025-05-14,12:00,75,"84350 Andrea Mills, Toronto, ON M9A 0A5",M9A 0A5,Evening,High,"Team Sports, Improve Health, Weight Training, Cycling, Build Strength, Reduce Stress"
E0093,1000077,Jogging Meetup,2025-05-18,12:00,60,"6353 William Pine, Toronto, ON M9A 0A6",M9A 0A6,Evening,High,"Improve Health, Social, Yoga, Jogging, Reduce Stress, Pilates"
E0094,1000450,Build Strength Meetup,2025-05-18,12:00,45,"418 Cindy Squares, Toronto, ON M9A 0A5",M9A 0A5,Mid Morning,High,"Team Sports, Group Fitness Class, Social, Build Strength, Reduce Stress, Pilates"
E0095,1000342,Pilates Meetup,2025-05-15,12:00,60,"316 Austin Skyway Suite 880, Toronto, ON M9A 0A3",M9A 0A3,Afternoon,Medium,"Hiking, Build Strength, Weight Loss, Yoga, Reduce Stress, Pilates"
E0096,1000149,Social Meetup,2025-05-14,12:00,90,"50142 Stanton Square Suite 357, Toronto, ON M9A 0B5",M9A 0B5,Evening,High,"Team Sports, Weight Training, Social, Cycling, Build Strength, Training"
E0097,1000331,Reduce Stress Meetup,2025-05-16,12:00,30,"6645 Brock Loop Suite 363, Toronto, ON M9A 2V5",M9A 2V5,Mid Morning,Low,"Team Sports, Hiking, Social, Cycling, Weight Loss, Reduce Stress"
E0098,1000122,Running Meetup,2025-05-14,19:30,45,"044 Wheeler Forges, Toronto, ON M9A 0A4",M9A 0A4,Late Evening,Medium,"Improve Health, Running, Social, Cycling, Build Strength, Jogging"
E0099,1000378,Hiking Meetup,2025-05-13,20:15,60,"99772 House Gardens, Toronto, ON M9A 0B5",M9A 0B5,Late Evening,Low,"Team Sports, Hiking, Swimming, Build Strength, Weight Loss, Reduce Stress"
E0100,1000263,Jogging Meetup,2025-05-16,7:00,90,"68457 Vaughn Overpass, Toronto, ON M9A 0B2",M9A 0B2,Early Morning,Low,"Team Sports, Improve Health, Running, Weight Loss, Training, Jogging"
E0101,1000238,Group Fitness Class Meetup,2025-05-13,12:00,30,"8727 William Lane Apt. 550, Toronto, ON M9A 0B5",M9A 0B5,Lunch,Low,"Hiking, Social, Build Strength, Yoga, Reduce Stress, Group Fitness Class"
E0102,1000091,Swimming Meetup,2025-05-12,20:30,90,"75139 Guerrero Falls, Toronto, ON M9A 0A4",M9A 0A4,Late Evening,Medium,"Improve Health, Social, Swimming, Walking, Training, Group Fitness Class"
E0103,1000001,Improve Health Meetup,2025-05-16,13:15,120,"4869 Adams Walks Apt. 318, Toronto, ON M9A 0B2",M9A 0B2,Afternoon,Medium,"Improve Health, Walking, Weight Loss, Training, Jogging, Pilates"
E0104,1000362,Cycling Meetup,2025-05-12,12:00,120,"7279 Dominic Alley Suite 399, Toronto, ON M9A 2V5",M9A 2V5,Mid Morning,Medium,"Cycling, Build Strength, Training, Jogging, Reduce Stress, Group Fitness Class"
E0105,1000349,Build Strength Meetup,2025-05-12,7:45,60,"1409 Le Gardens Apt. 985, Toronto, ON M9A 2V5",M9A 2V5,Early Morning,High,"Cycling, Walking, Build Strength, Weight Loss, Jogging, Reduce Stress"
E0106,1000488,Pilates Meetup,2025-05-17,15:15,120,"214 Burke Harbor Apt. 338, Toronto, ON M9A 0B2",M9A 0B2,Afternoon,Medium,"Social, Cycling, Walking, Build Strength, Reduce Stress, Pilates"
E0107,1000390,Weight Loss Meetup,2025-05-16,14:00,60,"133 Morales Plaza, Toronto, ON M9A 2V6",M9A 2V6,Afternoon,High,"Swimming, Build Strength, Walking, Weight Loss, Reduce Stress, Pilates"
E0108,1000308,Improve Health Meetup,2025-05-14,7:45,120,"974 Medina Estate, Toronto, ON M9A 0B2",M9A 0B2,Early Morning,Low,"Improve Health, Weight Training, Walking, Weight Loss, Training, Jogging"
E0109,1000356,Jogging Meetup,2025-05-18,20:15,30,"26946 Newman Port Suite 417, Toronto, ON M9A 2V5",M9A 2V5,Late Evening,Medium,"Improve Health, Group Fitness Class, Build Strength, Training, Jogging, Pilates"
E0110,1000342,Yoga Meetup,2025-05-16,12:00,45,"6001 Lindsey Parkways Suite 114, Toronto, ON M9A 0A4",M9A 0A4,Mid Morning,Medium,"Hiking, Build Strength, Weight Loss, Yoga, Reduce Stress, Pilates"
E0111,1000119,Training Meetup,2025-05-16,6:00,45,"24218 Quinn Glen Apt. 263, Toronto, ON M9A 2V6",M9A 2V6,Early Morning,High,"Improve Health, Running, Cycling, Build Strength, Training, Pilates"
E0112,1000416,Walking Meetup,2025-05-14,12:00,75,"02495 Hernandez Key Suite 387, Toronto, ON M9A 0A6",M9A 0A6,Evening,Medium,"Improve Health, Walking, Weight Loss, Jogging, Reduce Stress, Group Fitness Class"
E0113,1000450,Reduce Stress Meetup,2025-05-18,12:00,60,"572 Martinez Common, Toronto, ON M9A 0B5",M9A 0B5,Evening,Low,"Team Sports, Group Fitness Class, Social, Build Strength, Reduce Stress, Pilates"
E0114,1000138,Reduce Stress Meetup,2025-05-16,12:15,30,"297 Norris Port, Toronto, ON M9A 2V6",M9A 2V6,Afternoon,Low,"Improve Health, Swimming, Walking, Weight Loss, Yoga, Reduce Stress"
E0115,1000054,Yoga Meetup,2025-05-14,20:30,75,"269 Williams Track Apt. 221, Toronto, ON M9A 2V6",M9A 2V6,Late Evening,High,"Weight Training, Swimming, Build Strength, Weight Loss, Yoga, Training"
E0116,1000295,Yoga Meetup,2025-05-15,19:15,30,"126 Mcgrath Forks Suite 973, Toronto, ON M9A 0B5",M9A 0B5,Late Evening,Medium,"Hiking, Running, Build Strength, Yoga, Training, Reduce Stress"
E0117,1000409,Weight Loss Meetup,2025-05-15,12:00,75,"4235 Shields Island, Toronto, ON M9A 0B2",M9A 0B2,Evening,Low,"Improve Health, Cycling, Build Strength, Weight Loss, Jogging, Pilates"
E0118,1000375,Training Meetup,2025-05-12,12:00,90,"24758 Dustin Viaduct Suite 334, Toronto, ON M9A 0B2",M9A 0B2,Lunch,High,"Group Fitness Class, Running, Social, Build Strength, Training, Pilates"
E0119,1000456,Weight Training Meetup,2025-05-18,8:15,75,"825 Laura Hill Apt. 604, Toronto, ON M9A 0A5",M9A 0A5,Early Morning,Medium,"Team Sports, Improve Health, Weight Training, Running, Build Strength, Weight Loss"
E0120,1000366,Team Sports Meetup,2025-05-14,21:30,45,"70670 Jennifer View Apt. 208, Toronto, ON M9A 0A4",M9A 0A4,Late Evening,Medium,"Team Sports, Running, Social, Build Strength, Reduce Stress, Pilates"
E0121,1000425,Hiking Meetup,2025-05-13,14:15,75,"87140 Green Glens Suite 853, Toronto, ON M9A 0A3",M9A 0A3,Afternoon,High,"Improve Health, Hiking, Weight Loss, Training, Jogging, Pilates"
E0122,1000312,Build Strength Meetup,2025-05-17,12:00,30,"634 George Knolls, Toronto, ON M9A 0A5",M9A 0A5,Evening,Medium,"Team Sports, Running, Walking, Build Strength, Training, Reduce Stress"
E0123,1000439,Weight Training Meetup,2025-05-15,12:00,60,"50997 Kaitlyn Route, Toronto, ON M9A 0A3",M9A 0A3,Mid Morning,Medium,"Improve Health, Weight Training, Walking, Build Strength, Training, Pilates"
E0124,1000222,Improve Health Meetup,2025-05-16,12:00,45,"93568 Nicholas Stream Apt. 430, Toronto, ON M9A 0B2",M9A 0B2,Evening,High,"Improve Health, Weight Training, Swimming, Cycling, Build Strength, Weight Loss"
E0125,1000219,Reduce Stress Meetup,2025-05-13,8:45,60,"050 Johnson Loaf, Toronto, ON M9A 2V5",M9A 2V5,Early Morning,Medium,"Team Sports, Social, Training, Jogging, Reduce Stress, Pilates"
E0126,1000307,Group Fitness Class Meetup,2025-05-12,21:45,75,"59883 Herman Gateway Suite 874, Toronto, ON M9A 0A5",M9A 0A5,Late Evening,Medium,"Improve Health, Hiking, Cycling, Build Strength, Training, Group Fitness Class"
E0127,1000408,Swimming Meetup,2025-05-18,21:00,45,"95958 Thomas Club, Toronto, ON M9A 0B2",M9A 0B2,Late Evening,Low,"Team Sports, Hiking, Social, Swimming, Build Strength, Weight Loss"
E0128,1000161,Group Fitness Class Meetup,2025-05-16,12:00,30,"5098 Williams Brooks Apt. 671, Toronto, ON M9A 0A4",M9A 0A4,Lunch,High,"Weight Training, Social, Cycling, Build Strength, Weight Loss, Group Fitness Class"
E0129,1000304,Yoga Meetup,2025-05-13,12:00,45,"3644 Roberts Valleys, Toronto, ON M9A 2V5",M9A 2V5,Lunch,Medium,"Social, Walking, Build Strength, Yoga, Training, Pilates"
E0130,1000411,Build Strength Meetup,2025-05-12,7:00,75,"640 Stacie Lights Suite 287, Toronto, ON M9A 2V6",M9A 2V6,Early Morning,Medium,"Improve Health, Social, Walking, Build Strength, Jogging, Pilates"
E0131,1000338,Training Meetup,2025-05-15,7:45,75,"3303 Alejandra Key Apt. 651, Toronto, ON M9A 0A3",M9A 0A3,Early Morning,High,"Team Sports, Social, Training, Jogging, Reduce Stress, Pilates"
E0132,1000456,Running Meetup,2025-05-15,12:00,60,"21632 Raymond Knolls, Toronto, ON M9A 0A3",M9A 0A3,Evening,Low,"Team Sports, Improve Health, Weight Training, Running, Build Strength, Weight Loss"
E0133,1000327,Reduce Stress Meetup,2025-05-16,15:30,30,"16643 Ewing Station, Toronto, ON M9A 0A4",M9A 0A4,Afternoon,Medium,"Running, Walking, Build Strength, Weight Loss, Yoga, Reduce Stress"
E0134,1000022,Pilates Meetup,2025-05-17,19:00,60,"7166 Jones Roads Suite 628, Toronto, ON M9A 0A3",M9A 0A3,Late Evening,Medium,"Improve Health, Weight Training, Hiking, Training, Reduce Stress, Pilates"
E0135,1000400,Build Strength Meetup,2025-05-16,12:00,120,"21085 Velazquez Track Suite 835, Toronto, ON M9A 2V5",M9A 2V5,Evening,High,"Team Sports, Improve Health, Hiking, Cycling, Build Strength, Reduce Stress"
E0136,1000255,Improve Health Meetup,2025-05-18,12:00,120,"43675 Lewis Common Apt. 504, Toronto, ON M9A 0A4",M9A 0A4,Lunch,Medium,"Improve Health, Social, Swimming, Yoga, Training, Jogging"
E0137,1000251,Walking Meetup,2025-05-18,21:15,75,"97289 Johnson Loaf Apt. 858, Toronto, ON M9A 0B5",M9A 0B5,Late Evening,Medium,"Improve Health, Weight Training, Running, Social, Walking, Weight Loss"
E0138,1000005,Social Meetup,2025-05-12,12:00,60,"0456 Jade Junction, Toronto, ON M9A 0A3",M9A 0A3,Mid Morning,High,"Running, Social, Swimming, Build Strength, Training, Jogging"
E0139,1000236,Reduce Stress Meetup,2025-05-14,12:00,45,"89821 Cruz Skyway, Toronto, ON M9A 0B5",M9A 0B5,Lunch,High,"Weight Training, Walking, Weight Loss, Training, Jogging, Reduce Stress"
E0140,1000033,Reduce Stress Meetup,2025-05-17,7:45,45,"492 Anthony Neck Suite 778, Toronto, ON M9A 0A4",M9A 0A4,Early Morning,Low,"Running, Swimming, Weight Loss, Yoga, Training, Reduce Stress"
E0141,1000158,Improve Health Meetup,2025-05-14,12:00,90,"51303 Jose Forge, Toronto, ON M9A 0A4",M9A 0A4,Lunch,Low,"Improve Health, Weight Training, Group Fitness Class, Build Strength, Training, Pilates"
E0142,1000363,Running Meetup,2025-05-18,12:00,120,"64355 Joel Gateway Suite 317, Toronto, ON M9A 0A3",M9A 0A3,Mid Morning,Low,"Team Sports, Running, Social, Cycling, Training, Reduce Stress"
E0143,1000499,Training Meetup,2025-05-18,7:30,45,"9866 Paul Port Suite 081, Toronto, ON M9A 0A3",M9A 0A3,Early Morning,Low,"Improve Health, Walking, Yoga, Training, Reduce Stress, Group Fitness Class"
E0144,1000423,Build Strength Meetup,2025-05-14,12:00,45,"503 Andrea Lakes Suite 974, Toronto, ON M9A 0A3",M9A 0A3,Mid Morning,Medium,"Team Sports, Improve Health, Weight Training, Build Strength, Training, Group Fitness Class"
E0145,1000465,Weight Loss Meetup,2025-05-13,12:00,75,"43252 Walter Haven, Toronto, ON M9A 2V6",M9A 2V6,Mid Morning,High,"Social, Swimming, Cycling, Weight Loss, Training, Jogging"
E0146,1000234,Weight Loss Meetup,2025-05-14,12:00,30,"382 Joshua Mall Suite 939, Toronto, ON M9A 2V6",M9A 2V6,Mid Morning,Low,"Weight Training, Social, Weight Loss, Yoga, Reduce Stress, Group Fitness Class"
E0147,1000192,Pilates Meetup,2025-05-12,15:30,45,"65065 Meyer Points, Toronto, ON M9A 2V5",M9A 2V5,Afternoon,Low,"Team Sports, Improve Health, Hiking, Build Strength, Weight Loss, Pilates"
E0148,1000044,Pilates Meetup,2025-05-18,12:00,120,"084 Taylor Road Apt. 203, Toronto, ON M9A 0B2",M9A 0B2,Evening,Low,"Group Fitness Class, Social, Walking, Weight Loss, Reduce Stress, Pilates"
E0149,1000451,Swimming Meetup,2025-05-15,13:30,90,"31918 Holmes Rest Suite 869, Toronto, ON M9A 0A3",M9A 0A3,Afternoon,Low,"Team Sports, Improve Health, Running, Swimming, Build Strength, Training"
E0150,1000063,Improve Health Meetup,2025-05-14,7:15,30,"11894 Snow Manors Apt. 723, Toronto, ON M9A 0A5",M9A 0A5,Early Morning,Medium,"Improve Health, Weight Training, Build Strength, Weight Loss, Jogging, Pilates"
E0151,1000148,Build Strength Meetup,2025-05-17,7:15,120,"563 Jacob Heights, Toronto, ON M9A 0A3",M9A 0A3,Early Morning,Low,"Improve Health, Hiking, Swimming, Build Strength, Training, Group Fitness Class"
E0152,1000398,Weight Loss Meetup,2025-05-16,12:00,45,"209 Tyler Oval Apt. 902, Toronto, ON M9A 0A3",M9A 0A3,Lunch,Medium,"Walking, Weight Loss, Yoga, Training, Reduce Stress, Group Fitness Class"
E0153,1000163,Cycling Meetup,2025-05-16,12:00,120,"586 Patrick Court Apt. 974, Toronto, ON M9A 0B5",M9A 0B5,Lunch,High,"Improve Health, Weight Training, Cycling, Build Strength, Weight Loss, Yoga"
E0154,1000131,Reduce Stress Meetup,2025-05-14,12:00,60,"2435 Randy Square Apt. 684, Toronto, ON M9A 0B5",M9A 0B5,Lunch,High,"Weight Training, Hiking, Build Strength, Weight Loss, Reduce Stress, Group Fitness Class"
E0155,1000139,Running Meetup,2025-05-17,7:30,75,"321 Jillian Light Apt. 366, Toronto, ON M9A 0A5",M9A 0A5,Early Morning,Low,"Improve Health, Weight Training, Running, Build Strength, Yoga, Training"
E0156,1000353,Weight Loss Meetup,2025-05-15,6:00,120,"434 Hill Common Apt. 619, Toronto, ON M9A 0B5",M9A 0B5,Early Morning,Medium,"Team Sports, Weight Training, Build Strength, Weight Loss, Yoga, Reduce Stress"
E0157,1000410,Training Meetup,2025-05-16,15:30,60,"349 Turner Ford Apt. 862, Toronto, ON M9A 0B2",M9A 0B2,Afternoon,Medium,"Team Sports, Hiking, Social, Cycling, Weight Loss, Training"
E0158,1000427,Cycling Meetup,2025-05-18,12:00,45,"5374 Virginia Ports Suite 193, Toronto, ON M9A 0A5",M9A 0A5,Lunch,High,"Social, Swimming, Cycling, Weight Loss, Yoga, Reduce Stress"
E0159,1000168,Hiking Meetup,2025-05-15,12:00,75,"4157 Cruz Lodge Apt. 759, Toronto, ON M9A 0A6",M9A 0A6,Lunch,High,"Improve Health, Hiking, Weight Loss, Yoga, Reduce Stress, Pilates"
E0160,1000432,Weight Training Meetup,2025-05-12,12:00,45,"27517 Williams Stream Apt. 676, Toronto, ON M9A 0A3",M9A 0A3,Mid Morning,Low,"Improve Health, Weight Training, Walking, Build Strength, Reduce Stress, Pilates"
E0161,1000205,Pilates Meetup,2025-05-17,12:00,45,"097 Evan Locks Suite 257, Toronto, ON M9A 2V5",M9A 2V5,Lunch,Medium,"Improve Health, Hiking, Cycling, Build Strength, Training, Pilates"
E0162,1000126,Reduce Stress Meetup,2025-05-17,12:00,75,"671 Burns Estates, Toronto, ON M9A 0A4",M9A 0A4,Evening,Medium,"Hiking, Social, Swimming, Build Strength, Jogging, Reduce Stress"
E0163,1000053,Reduce Stress Meetup,2025-05-13,6:30,30,"55726 Jordan Mountain Suite 126, Toronto, ON M9A 2V6",M9A 2V6,Early Morning,Medium,"Team Sports, Improve Health, Swimming, Weight Loss, Reduce Stress, Pilates"
E0164,1000327,Weight Loss Meetup,2025-05-17,15:15,30,"1995 Whitaker Canyon Suite 394, Toronto, ON M9A 0A3",M9A 0A3,Afternoon,High,"Running, Walking, Build Strength, Weight Loss, Yoga, Reduce Stress"
E0165,1000265,Team Sports Meetup,2025-05-13,12:00,45,"08204 Renee View, Toronto, ON M9A 2V5",M9A 2V5,Evening,Low,"Team Sports, Social, Walking, Build Strength, Weight Loss, Pilates"
E0166,1000456,Weight Loss Meetup,2025-05-17,12:00,60,"114 Brady Burg, Toronto, ON M9A 0A6",M9A 0A6,Evening,High,"Team Sports, Improve Health, Weight Training, Running, Build Strength, Weight Loss"
E0167,1000382,Improve Health Meetup,2025-05-13,14:00,45,"60080 Newman Centers Apt. 320, Toronto, ON M9A 0A4",M9A 0A4,Afternoon,Medium,"Improve Health, Weight Training, Build Strength, Weight Loss, Jogging, Group Fitness Class"
E0168,1000128,Training Meetup,2025-05-18,12:00,90,"07757 Emily Highway, Toronto, ON M9A 0A5",M9A 0A5,Evening,Medium,"Improve Health, Pilates, Social, Walking, Training, Group Fitness Class"
E0169,1000465,Social Meetup,2025-05-16,15:00,30,"59346 Kayla Cove Apt. 737, Toronto, ON M9A 0A4",M9A 0A4,Afternoon,High,"Social, Swimming, Cycling, Weight Loss, Training, Jogging"
E0170,1000029,Yoga Meetup,2025-05-12,12:00,30,"8074 Carolyn Hollow, Toronto, ON M9A 0B2",M9A 0B2,Lunch,Low,"Team Sports, Improve Health, Social, Walking, Yoga, Reduce Stress"
E0171,1000132,Cycling Meetup,2025-05-17,12:00,120,"47473 Nicole Passage Suite 971, Toronto, ON M9A 0B5",M9A 0B5,Mid Morning,Medium,"Improve Health, Running, Cycling, Weight Loss, Training, Pilates"
E0172,1000415,Improve Health Meetup,2025-05-16,12:00,60,"647 Heather Forge Apt. 225, Toronto, ON M9A 0A6",M9A 0A6,Evening,Medium,"Improve Health, Running, Social, Build Strength, Jogging, Pilates"
E0173,1000109,Improve Health Meetup,2025-05-12,15:15,75,"1644 James Mountain Suite 028, Toronto, ON M9A 0A4",M9A 0A4,Afternoon,High,"Improve Health, Hiking, Social, Cycling, Build Strength, Group Fitness Class"
E0174,1000388,Pilates Meetup,2025-05-12,13:30,30,"185 David Plains Apt. 658, Toronto, ON M9A 0B2",M9A 0B2,Afternoon,Low,"Improve Health, Social, Swimming, Yoga, Training, Pilates"
E0175,1000161,Weight Training Meetup,2025-05-17,12:00,90,"33087 Cox Corners, Toronto, ON M9A 2V6",M9A 2V6,Mid Morning,Medium,"Weight Training, Social, Cycling, Build Strength, Weight Loss, Group Fitness Class"
E0176,1000241,Team Sports Meetup,2025-05-17,12:00,75,"1772 Adams Keys Apt. 428, Toronto, ON M9A 0A3",M9A 0A3,Lunch,Low,"Team Sports, Improve Health, Cycling, Weight Loss, Yoga, Training"
E0177,1000361,Build Strength Meetup,2025-05-13,12:00,30,"871 Matthew Stream, Toronto, ON M9A 2V6",M9A 2V6,Mid Morning,Medium,"Improve Health, Social, Swimming, Walking, Build Strength, Yoga"
E0178,1000462,Yoga Meetup,2025-05-17,12:00,75,"0610 Leah Radial, Toronto, ON M9A 0A6",M9A 0A6,Lunch,High,"Team Sports, Improve Health, Social, Cycling, Weight Loss, Yoga"
E0179,1000219,Social Meetup,2025-05-17,12:00,90,"83951 Kelly Flat, Toronto, ON M9A 0A3",M9A 0A3,Evening,Medium,"Team Sports, Social, Training, Jogging, Reduce Stress, Pilates"
E0180,1000219,Jogging Meetup,2025-05-13,12:00,30,"8384 Kristen Loaf Apt. 724, Toronto, ON M9A 0A5",M9A 0A5,Evening,High,"Team Sports, Social, Training, Jogging, Reduce Stress, Pilates"
E0181,1000429,Training Meetup,2025-05-15,12:00,60,"464 Torres Orchard, Toronto, ON M9A 0B2",M9A 0B2,Evening,Low,"Hiking, Social, Walking, Training, Reduce Stress, Group Fitness Class"
E0182,1000360,Pilates Meetup,2025-05-14,6:45,120,"707 Douglas Points Apt. 474, Toronto, ON M9A 0A4",M9A 0A4,Early Morning,High,"Running, Social, Cycling, Weight Loss, Training, Pilates"
E0183,1000342,Build Strength Meetup,2025-05-18,12:00,120,"89914 Wallace Island, Toronto, ON M9A 0A3",M9A 0A3,Lunch,High,"Hiking, Build Strength, Weight Loss, Yoga, Reduce Stress, Pilates"
E0184,1000371,Weight Loss Meetup,2025-05-18,20:00,60,"807 Erik Mall, Toronto, ON M9A 0B5",M9A 0B5,Late Evening,High,"Team Sports, Improve Health, Hiking, Weight Loss, Yoga, Reduce Stress"
E0185,1000391,Social Meetup,2025-05-14,19:00,90,"41030 Megan Drives, Toronto, ON M9A 0A4",M9A 0A4,Late Evening,High,"Social, Walking, Build Strength, Yoga, Jogging, Reduce Stress"
E0186,1000463,Weight Training Meetup,2025-05-12,19:45,90,"389 Christian Rapid, Toronto, ON M9A 0B5",M9A 0B5,Late Evening,High,"Improve Health, Weight Training, Swimming, Build Strength, Weight Loss, Pilates"
E0187,1000212,Social Meetup,2025-05-13,13:30,120,"712 Julie Track, Toronto, ON M9A 0A6",M9A 0A6,Afternoon,High,"Team Sports, Weight Training, Social, Build Strength, Weight Loss, Yoga"
E0188,1000492,Improve Health Meetup,2025-05-12,12:00,45,"8011 Ross Streets, Toronto, ON M9A 0A4",M9A 0A4,Lunch,High,"Improve Health, Running, Walking, Build Strength, Weight Loss, Yoga"
E0189,1000124,Build Strength Meetup,2025-05-14,7:15,30,"32225 Rachel Stream, Toronto, ON M9A 0A3",M9A 0A3,Early Morning,Medium,"Improve Health, Running, Social, Cycling, Build Strength, Group Fitness Class"
E0190,1000216,Improve Health Meetup,2025-05-13,12:00,45,"193 Kenneth Via, Toronto, ON M9A 0A5",M9A 0A5,Mid Morning,Medium,"Team Sports, Improve Health, Hiking, Walking, Build Strength, Training"
E0191,1000376,Weight Loss Meetup,2025-05-14,8:15,60,"40879 Hall Square Apt. 088, Toronto, ON M9A 0A3",M9A 0A3,Early Morning,Low,"Improve Health, Weight Training, Running, Weight Loss, Yoga, Training"
E0192,1000178,Walking Meetup,2025-05-17,21:00,45,"5342 Ryan Bypass, Toronto, ON M9A 2V6",M9A 2V6,Late Evening,Medium,"Improve Health, Social, Cycling, Walking, Training, Pilates"
E0193,1000024,Weight Loss Meetup,2025-05-15,12:00,120,"8247 Dunn Pines Suite 721, Toronto, ON M9A 0A6",M9A 0A6,Lunch,Medium,"Improve Health, Hiking, Running, Cycling, Weight Loss, Training"
E0194,1000477,Reduce Stress Meetup,2025-05-17,20:30,60,"015 Erika Lock, Toronto, ON M9A 0A6",M9A 0A6,Late Evening,Low,"Improve Health, Group Fitness Class, Build Strength, Walking, Reduce Stress, Pilates"
E0195,1000407,Group Fitness Class Meetup,2025-05-18,12:00,120,"8133 Isabella Roads, Toronto, ON M9A 2V5",M9A 2V5,Lunch,Medium,"Weight Training, Social, Weight Loss, Training, Jogging, Group Fitness Class"
E0196,1000244,Running Meetup,2025-05-16,12:00,30,"13752 Jason Mews, Toronto, ON M9A 0A5",M9A 0A5,Lunch,High,"Hiking, Running, Social, Weight Loss, Yoga, Training"
E0197,1000241,Improve Health Meetup,2025-05-14,14:45,75,"57209 Michael Fork Suite 693, Toronto, ON M9A 2V5",M9A 2V5,Afternoon,Medium,"Team Sports, Improve Health, Cycling, Weight Loss, Yoga, Training"
E0198,1000309,Running Meetup,2025-05-12,14:00,120,"08568 John Knoll, Toronto, ON M9A 0A4",M9A 0A4,Afternoon,Low,"Weight Training, Running, Social, Weight Loss, Reduce Stress, Pilates"
E0199,1000306,Improve Health Meetup,2025-05-12,12:00,75,"7376 Dustin Lakes, Toronto, ON M9A 2V6",M9A 2V6,Mid Morning,High,"Improve Health, Hiking, Swimming, Cycling, Weight Loss, Training"
E0200,1000293,Reduce Stress Meetup,2025-05-18,12:00,45,"9092 Cooley Port, Toronto, ON M9A 0A3",M9A 0A3,Evening,High,"Team Sports, Improve Health, Weight Training, Walking, Training, Reduce Stress"
E0201,1000107,Social Meetup,2025-05-13,12:00,30,"305 Perez Alley, Toronto, ON M9A 0B5",M9A 0B5,Evening,Medium,"Improve Health, Weight Training, Hiking, Social, Build Strength, Yoga"
E0202,1000390,Build Strength Meetup,2025-05-14,14:15,60,"52034 Amanda Fields Apt. 188, Toronto, ON M9A 0B5",M9A 0B5,Afternoon,Medium,"Swimming, Build Strength, Walking, Weight Loss, Reduce Stress, Pilates"
E0203,1000341,Reduce Stress Meetup,2025-05-18,12:00,30,"97604 Rivas Circle Apt. 789, Toronto, ON M9A 0A4",M9A 0A4,Evening,Low,"Team Sports, Improve Health, Weight Training, Hiking, Training, Reduce Stress"
E0204,1000464,Walking Meetup,2025-05-13,6:15,90,"078 Tina Path Apt. 447, Toronto, ON M9A 2V6",M9A 2V6,Early Morning,Medium,"Running, Social, Walking, Build Strength, Weight Loss, Yoga"
E0205,1000130,Build Strength Meetup,2025-05-13,12:00,60,"1611 Wood Drives Suite 853, Toronto, ON M9A 2V5",M9A 2V5,Evening,Medium,"Weight Training, Social, Swimming, Build Strength, Weight Loss, Jogging"
E0206,1000011,Build Strength Meetup,2025-05-15,12:00,60,"5773 Jeffrey Land Suite 267, Toronto, ON M9A 0A6",M9A 0A6,Lunch,Low,"Hiking, Running, Social, Build Strength, Training, Pilates"
E0207,1000498,Social Meetup,2025-05-17,12:00,90,"624 Karen View, Toronto, ON M9A 2V5",M9A 2V5,Lunch,Medium,"Improve Health, Running, Social, Yoga, Training, Jogging"
E0208,1000337,Cycling Meetup,2025-05-18,7:30,60,"0890 Diaz Lane, Toronto, ON M9A 0A6",M9A 0A6,Early Morning,High,"Improve Health, Running, Social, Cycling, Training, Jogging"
E0209,1000350,Walking Meetup,2025-05-13,12:00,45,"6873 Shannon Knoll, Toronto, ON M9A 0B5",M9A 0B5,Lunch,Medium,"Improve Health, Running, Social, Walking, Yoga, Reduce Stress"
E0210,1000415,Pilates Meetup,2025-05-12,8:30,45,"9322 Cynthia Branch Suite 413, Toronto, ON M9A 0B2",M9A 0B2,Early Morning,High,"Improve Health, Running, Social, Build Strength, Jogging, Pilates"
E0211,1000404,Training Meetup,2025-05-14,12:00,90,"09158 Richard Cape Suite 851, Toronto, ON M9A 0A6",M9A 0A6,Lunch,Medium,"Running, Social, Training, Jogging, Reduce Stress, Pilates"
E0212,1000322,Running Meetup,2025-05-16,7:15,45,"626 White Ville Suite 449, Toronto, ON M9A 0B5",M9A 0B5,Early Morning,Low,"Team Sports, Running, Social, Build Strength, Jogging, Reduce Stress"
E0213,1000374,Reduce Stress Meetup,2025-05-16,13:45,120,"04294 Olson Cape Apt. 029, Toronto, ON M9A 0A6",M9A 0A6,Afternoon,Low,"Running, Cycling, Build Strength, Weight Loss, Reduce Stress, Group Fitness Class"
E0214,1000202,Build Strength Meetup,2025-05-12,12:00,45,"78092 Klein Alley Apt. 813, Toronto, ON M9A 0A4",M9A 0A4,Mid Morning,Medium,"Improve Health, Pilates, Walking, Build Strength, Training, Group Fitness Class"
E0215,1000044,Weight Loss Meetup,2025-05-12,21:15,45,"6212 Jackson Orchard Suite 080, Toronto, ON M9A 0A3",M9A 0A3,Late Evening,Medium,"Group Fitness Class, Social, Walking, Weight Loss, Reduce Stress, Pilates"
E0216,1000298,Training Meetup,2025-05-15,12:00,45,"35183 Tucker Plains Apt. 794, Toronto, ON M9A 0A6",M9A 0A6,Lunch,Medium,"Team Sports, Hiking, Social, Swimming, Training, Reduce Stress"
E0217,1000070,Training Meetup,2025-05-15,19:00,45,"04101 Morrow Crossing, Toronto, ON M9A 0A6",M9A 0A6,Late Evening,Medium,"Improve Health, Social, Swimming, Cycling, Training, Pilates"
E0218,1000286,Jogging Meetup,2025-05-18,12:00,45,"63033 Oliver Estate Suite 558, Toronto, ON M9A 2V5",M9A 2V5,Evening,Low,"Improve Health, Weight Training, Running, Build Strength, Training, Jogging"
E0219,1000366,Social Meetup,2025-05-16,21:45,120,"07915 Coleman Corners, Toronto, ON M9A 2V6",M9A 2V6,Late Evening,Low,"Team Sports, Running, Social, Build Strength, Reduce Stress, Pilates"
E0220,1000195,Weight Loss Meetup,2025-05-15,12:00,60,"8825 Vasquez Prairie, Toronto, ON M9A 0A6",M9A 0A6,Lunch,Medium,"Weight Training, Social, Cycling, Walking, Weight Loss, Training"
E0221,1000023,Group Fitness Class Meetup,2025-05-12,12:00,30,"5590 Ruiz Spur Apt. 576, Toronto, ON M9A 0A5",M9A 0A5,Mid Morning,High,"Improve Health, Weight Training, Walking, Build Strength, Reduce Stress, Group Fitness Class"
E0222,1000185,Pilates Meetup,2025-05-12,12:00,90,"51578 Jennifer Glen, Toronto, ON M9A 2V6",M9A 2V6,Evening,Low,"Pilates, Social, Swimming, Training, Reduce Stress, Group Fitness Class"
E0223,1000286,Jogging Meetup,2025-05-14,15:30,75,"809 Bowman Causeway Suite 494, Toronto, ON M9A 0A4",M9A 0A4,Afternoon,Medium,"Improve Health, Weight Training, Running, Build Strength, Training, Jogging"
E0224,1000056,Training Meetup,2025-05-18,19:30,75,"23325 Wells Coves, Toronto, ON M9A 0B2",M9A 0B2,Late Evening,Low,"Social, Walking, Yoga, Training, Reduce Stress, Group Fitness Class"
E0225,1000029,Improve Health Meetup,2025-05-14,8:15,30,"2261 Banks Center, Toronto, ON M9A 0B2",M9A 0B2,Early Morning,Medium,"Team Sports, Improve Health, Social, Walking, Yoga, Reduce Stress"
E0226,1000277,Weight Loss Meetup,2025-05-13,12:00,45,"4416 Joshua Manors, Toronto, ON M9A 2V6",M9A 2V6,Lunch,High,"Team Sports, Hiking, Build Strength, Weight Loss, Training, Pilates"
E0227,1000485,Weight Training Meetup,2025-05-14,12:00,30,"400 Miller Camp, Toronto, ON M9A 0B2",M9A 0B2,Evening,Low,"Improve Health, Weight Training, Social, Swimming, Walking, Training"
E0228,1000229,Weight Training Meetup,2025-05-14,12:00,120,"55624 Jennifer Mission Suite 432, Toronto, ON M9A 0B2",M9A 0B2,Evening,Low,"Improve Health, Weight Training, Social, Cycling, Weight Loss, Group Fitness Class"
E0229,1000313,Hiking Meetup,2025-05-15,20:30,30,"7493 Rogers Summit, Toronto, ON M9A 2V6",M9A 2V6,Late Evening,Medium,"Weight Training, Hiking, Running, Social, Build Strength, Weight Loss"
E0230,1000368,Yoga Meetup,2025-05-12,19:00,75,"068 Connor Forge, Toronto, ON M9A 0A5",M9A 0A5,Late Evening,Medium,"Improve Health, Social, Yoga, Jogging, Reduce Stress, Group Fitness Class"
E0231,1000167,Training Meetup,2025-05-12,12:00,90,"08569 Miranda Union Apt. 036, Toronto, ON M9A 2V5",M9A 2V5,Evening,High,"Team Sports, Weight Training, Social, Cycling, Training, Reduce Stress"
E0232,1000116,Weight Loss Meetup,2025-05-14,20:30,30,"690 John Groves Apt. 089, Toronto, ON M9A 0A4",M9A 0A4,Late Evening,High,"Cycling, Walking, Weight Loss, Training, Jogging, Reduce Stress"
E0233,1000026,Yoga Meetup,2025-05-18,12:00,45,"118 Janet Unions Apt. 367, Toronto, ON M9A 0A6",M9A 0A6,Evening,High,"Improve Health, Weight Training, Cycling, Weight Loss, Yoga, Training"
E0234,1000181,Group Fitness Class Meetup,2025-05-13,20:15,30,"93163 Moran Port Suite 149, Toronto, ON M9A 2V5",M9A 2V5,Late Evening,High,"Team Sports, Running, Build Strength, Weight Loss, Training, Group Fitness Class"
E0235,1000384,Jogging Meetup,2025-05-16,12:00,120,"78002 Emily Brook, Toronto, ON M9A 2V5",M9A 2V5,Evening,Medium,"Team Sports, Weight Training, Weight Loss, Training, Jogging, Reduce Stress"
E0236,1000248,Training Meetup,2025-05-12,12:00,30,"3107 Larry Coves, Toronto, ON M9A 0B2",M9A 0B2,Evening,High,"Weight Training, Running, Social, Cycling, Build Strength, Training"
E0237,1000432,Reduce Stress Meetup,2025-05-15,12:00,75,"131 Jones Rue Suite 608, Toronto, ON M9A 0A5",M9A 0A5,Evening,High,"Improve Health, Weight Training, Walking, Build Strength, Reduce Stress, Pilates"
E0238,1000388,Swimming Meetup,2025-05-16,12:00,120,"61262 Thompson Course, Toronto, ON M9A 0A5",M9A 0A5,Lunch,Medium,"Improve Health, Social, Swimming, Yoga, Training, Pilates"
E0239,1000023,Build Strength Meetup,2025-05-17,12:00,75,"768 James Islands, Toronto, ON M9A 0A4",M9A 0A4,Evening,Medium,"Improve Health, Weight Training, Walking, Build Strength, Reduce Stress, Group Fitness Class"
E0240,1000002,Walking Meetup,2025-05-16,7:30,45,"455 Joseph Views Suite 034, Toronto, ON M9A 0A5",M9A 0A5,Early Morning,Low,"Running, Social, Walking, Build Strength, Jogging, Reduce Stress"
E0241,1000354,Training Meetup,2025-05-12,7:30,45,"14789 Julia Club Suite 519, Toronto, ON M9A 2V6",M9A 2V6,Early Morning,Medium,"Team Sports, Improve Health, Swimming, Build Strength, Training, Jogging"
E0242,1000462,Improve Health Meetup,2025-05-18,12:00,60,"6301 Freeman Pine, Toronto, ON M9A 0B5",M9A 0B5,Lunch,Medium,"Team Sports, Improve Health, Social, Cycling, Weight Loss, Yoga"
E0243,1000385,Running Meetup,2025-05-18,12:00,120,"304 Stewart Forges Apt. 611, Toronto, ON M9A 0A4",M9A 0A4,Mid Morning,High,"Improve Health, Running, Cycling, Weight Loss, Training, Pilates"
E0244,1000016,Build Strength Meetup,2025-05-15,7:15,30,"7654 Micheal Gateway Apt. 874, Toronto, ON M9A 0B2",M9A 0B2,Early Morning,Medium,"Hiking, Running, Social, Cycling, Build Strength, Reduce Stress"
E0245,1000438,Reduce Stress Meetup,2025-05-17,8:30,45,"8194 Vargas Loop Apt. 385, Toronto, ON M9A 0A4",M9A 0A4,Early Morning,Medium,"Improve Health, Hiking, Swimming, Yoga, Training, Reduce Stress"
E0246,1000138,Reduce Stress Meetup,2025-05-16,12:30,75,"269 Scott Cape Suite 457, Toronto, ON M9A 0A4",M9A 0A4,Afternoon,Medium,"Improve Health, Swimming, Walking, Weight Loss, Yoga, Reduce Stress"
E0247,1000270,Weight Loss Meetup,2025-05-16,20:15,120,"5763 Jones Rest, Toronto, ON M9A 0B2",M9A 0B2,Late Evening,Low,"Team Sports, Weight Training, Social, Weight Loss, Training, Group Fitness Class"
E0248,1000102,Reduce Stress Meetup,2025-05-16,12:00,45,"25527 Laura Parkway, Toronto, ON M9A 0A3",M9A 0A3,Mid Morning,Medium,"Improve Health, Running, Training, Jogging, Reduce Stress, Group Fitness Class"
E0249,1000198,Walking Meetup,2025-05-14,12:00,60,"5204 Kristen Cove, Toronto, ON M9A 0B2",M9A 0B2,Mid Morning,Low,"Improve Health, Social, Swimming, Walking, Yoga, Reduce Stress"
E0250,1000242,Swimming Meetup,2025-05-13,12:00,30,"741 Anthony Garden, Toronto, ON M9A 0A6",M9A 0A6,Lunch,Low,"Improve Health, Running, Swimming, Build Strength, Training, Pilates"
E0251,1000188,Reduce Stress Meetup,2025-05-17,12:00,45,"33550 Amy Bridge Suite 493, Toronto, ON M9A 0B5",M9A 0B5,Mid Morning,Low,"Hiking, Running, Social, Weight Loss, Reduce Stress, Group Fitness Class"
E0252,1000079,Weight Loss Meetup,2025-05-18,19:30,45,"584 Ryan Mountains, Toronto, ON M9A 0A6",M9A 0A6,Late Evening,Medium,"Weight Training, Hiking, Walking, Build Strength, Weight Loss, Training"
E0253,1000060,Cycling Meetup,2025-05-17,12:00,75,"2263 Martin Springs Apt. 002, Toronto, ON M9A 0A4",M9A 0A4,Mid Morning,Low,"Weight Training, Social, Swimming, Cycling, Build Strength, Training"
E0254,1000274,Jogging Meetup,2025-05-16,12:00,120,"19191 Tony Rapids, Toronto, ON M9A 0A4",M9A 0A4,Mid Morning,Medium,"Social, Cycling, Walking, Weight Loss, Training, Jogging"
E0255,1000237,Social Meetup,2025-05-13,12:00,90,"79142 Carrie Plains, Toronto, ON M9A 0A4",M9A 0A4,Evening,High,"Weight Training, Hiking, Social, Weight Loss, Training, Jogging"
E0256,1000276,Cycling Meetup,2025-05-15,7:30,120,"7000 Rodriguez Brooks Apt. 412, Toronto, ON M9A 0B2",M9A 0B2,Early Morning,High,"Improve Health, Weight Training, Cycling, Weight Loss, Jogging, Reduce Stress"
E0257,1000436,Improve Health Meetup,2025-05-17,12:45,30,"33202 Curtis Shore Apt. 411, Toronto, ON M9A 0A4",M9A 0A4,Afternoon,Low,"Improve Health, Social, Swimming, Weight Loss, Yoga, Group Fitness Class"
E0258,1000308,Improve Health Meetup,2025-05-16,12:00,120,"0261 Brown Coves Suite 393, Toronto, ON M9A 0B5",M9A 0B5,Lunch,Medium,"Improve Health, Weight Training, Walking, Weight Loss, Training, Jogging"
E0259,1000349,Build Strength Meetup,2025-05-16,21:30,90,"4917 Johnson Lakes Suite 352, Toronto, ON M9A 0A4",M9A 0A4,Late Evening,High,"Cycling, Walking, Build Strength, Weight Loss, Jogging, Reduce Stress"
E0260,1000202,Build Strength Meetup,2025-05-17,12:00,60,"78594 Dunn Trace, Toronto, ON M9A 2V6",M9A 2V6,Evening,Medium,"Improve Health, Pilates, Walking, Build Strength, Training, Group Fitness Class"
E0261,1000158,Training Meetup,2025-05-17,12:00,45,"7358 Kelsey Drives Apt. 148, Toronto, ON M9A 0A4",M9A 0A4,Evening,High,"Improve Health, Weight Training, Group Fitness Class, Build Strength, Training, Pilates"
E0262,1000008,Hiking Meetup,2025-05-16,7:00,75,"20873 Rivera Key, Toronto, ON M9A 0B5",M9A 0B5,Early Morning,Medium,"Improve Health, Weight Training, Hiking, Social, Walking, Training"
E0263,1000068,Pilates Meetup,2025-05-13,12:00,90,"10510 Elliott Extension Suite 885, Toronto, ON M9A 0B5",M9A 0B5,Evening,Low,"Improve Health, Weight Training, Hiking, Social, Build Strength, Pilates"
E0264,1000322,Jogging Meetup,2025-05-14,12:00,60,"83754 Smith Walks, Toronto, ON M9A 0A6",M9A 0A6,Mid Morning,Medium,"Team Sports, Running, Social, Build Strength, Jogging, Reduce Stress"
E0265,1000226,Weight Loss Meetup,2025-05-13,14:15,75,"872 Debra Underpass, Toronto, ON M9A 2V6",M9A 2V6,Afternoon,High,"Team Sports, Improve Health, Weight Training, Walking, Weight Loss, Reduce Stress"
E0266,1000098,Social Meetup,2025-05-12,19:15,60,"608 Donna Circles Apt. 853, Toronto, ON M9A 0A3",M9A 0A3,Late Evening,Medium,"Team Sports, Weight Training, Social, Walking, Build Strength, Reduce Stress"
E0267,1000198,Swimming Meetup,2025-05-15,12:00,75,"33745 Randy Forks Suite 272, Toronto, ON M9A 2V5",M9A 2V5,Evening,Medium,"Improve Health, Social, Swimming, Walking, Yoga, Reduce Stress"
E0268,1000311,Build Strength Meetup,2025-05-14,15:45,75,"3061 Lewis Road, Toronto, ON M9A 2V6",M9A 2V6,Afternoon,Medium,"Team Sports, Improve Health, Running, Build Strength, Yoga, Training"
E0269,1000500,Weight Loss Meetup,2025-05-13,12:00,75,"83940 Lee Overpass, Toronto, ON M9A 0A3",M9A 0A3,Evening,High,"Improve Health, Weight Training, Cycling, Build Strength, Weight Loss, Yoga"
E0270,1000117,Reduce Stress Meetup,2025-05-13,12:00,45,"5619 Gloria Parks Apt. 706, Toronto, ON M9A 0A4",M9A 0A4,Evening,Medium,"Hiking, Swimming, Walking, Weight Loss, Training, Reduce Stress"
E0271,1000403,Swimming Meetup,2025-05-18,12:00,45,"47643 Olivia Hill, Toronto, ON M9A 0A4",M9A 0A4,Lunch,Low,"Improve Health, Social, Swimming, Weight Loss, Yoga, Jogging"
E0272,1000428,Pilates Meetup,2025-05-15,12:00,30,"250 Schmidt Stravenue Suite 509, Toronto, ON M9A 0A6",M9A 0A6,Evening,Medium,"Improve Health, Swimming, Weight Loss, Yoga, Reduce Stress, Pilates"
E0273,1000400,Hiking Meetup,2025-05-18,12:00,30,"81893 Valencia Corner, Toronto, ON M9A 2V5",M9A 2V5,Mid Morning,Low,"Team Sports, Improve Health, Hiking, Cycling, Build Strength, Reduce Stress"
E0274,1000149,Training Meetup,2025-05-16,6:45,30,"924 Burns Lakes Apt. 163, Toronto, ON M9A 0A4",M9A 0A4,Early Morning,Low,"Team Sports, Weight Training, Social, Cycling, Build Strength, Training"
E0275,1000368,Group Fitness Class Meetup,2025-05-15,12:00,45,"515 Flores Branch, Toronto, ON M9A 0A6",M9A 0A6,Lunch,Medium,"Improve Health, Social, Yoga, Jogging, Reduce Stress, Group Fitness Class"
E0276,1000152,Improve Health Meetup,2025-05-12,12:15,75,"66323 Pamela Cliffs, Toronto, ON M9A 0B2",M9A 0B2,Afternoon,High,"Improve Health, Hiking, Social, Walking, Yoga, Reduce Stress"
E0277,1000157,Swimming Meetup,2025-05-14,8:00,60,"93108 Arthur Locks, Toronto, ON M9A 0B5",M9A 0B5,Early Morning,Low,"Team Sports, Improve Health, Running, Swimming, Weight Loss, Reduce Stress"
E0278,1000142,Jogging Meetup,2025-05-18,6:00,30,"1761 Paul Summit, Toronto, ON M9A 0B5",M9A 0B5,Early Morning,Low,"Improve Health, Swimming, Build Strength, Weight Loss, Yoga, Jogging"
E0279,1000492,Walking Meetup,2025-05-17,13:00,60,"8418 Patrick Freeway Suite 483, Toronto, ON M9A 2V5",M9A 2V5,Afternoon,High,"Improve Health, Running, Walking, Build Strength, Weight Loss, Yoga"
E0280,1000362,Cycling Meetup,2025-05-14,12:00,45,"6584 Gamble Park, Toronto, ON M9A 0A3",M9A 0A3,Mid Morning,High,"Cycling, Build Strength, Training, Jogging, Reduce Stress, Group Fitness Class"
E0281,1000056,Walking Meetup,2025-05-14,8:30,75,"90567 Christopher Well, Toronto, ON M9A 0A5",M9A 0A5,Early Morning,Medium,"Social, Walking, Yoga, Training, Reduce Stress, Group Fitness Class"
E0282,1000232,Weight Loss Meetup,2025-05-16,12:00,75,"7652 Douglas Glen Suite 732, Toronto, ON M9A 0B2",M9A 0B2,Lunch,Medium,"Weight Training, Social, Weight Loss, Yoga, Training, Pilates"
E0283,1000484,Build Strength Meetup,2025-05-18,12:00,90,"1194 David Keys Suite 231, Toronto, ON M9A 0A3",M9A 0A3,Lunch,Medium,"Hiking, Swimming, Walking, Build Strength, Weight Loss, Reduce Stress"
E0284,1000134,Improve Health Meetup,2025-05-12,12:00,75,"3074 Nicole Row Apt. 691, Toronto, ON M9A 0A5",M9A 0A5,Mid Morning,High,"Team Sports, Improve Health, Weight Training, Social, Training, Pilates"
E0285,1000142,Weight Loss Meetup,2025-05-13,12:00,75,"892 Denise Run, Toronto, ON M9A 0A3",M9A 0A3,Mid Morning,Low,"Improve Health, Swimming, Build Strength, Weight Loss, Yoga, Jogging"
E0286,1000328,Reduce Stress Meetup,2025-05-16,12:00,45,"0023 Nicholas Trail, Toronto, ON M9A 0A4",M9A 0A4,Mid Morning,High,"Team Sports, Weight Training, Social, Cycling, Training, Reduce Stress"
E0287,1000060,Social Meetup,2025-05-17,20:30,45,"906 Jeffrey Points, Toronto, ON M9A 0A3",M9A 0A3,Late Evening,High,"Weight Training, Social, Swimming, Cycling, Build Strength, Training"
E0288,1000292,Social Meetup,2025-05-14,12:00,90,"58095 Anna Track Suite 678, Toronto, ON M9A 0A3",M9A 0A3,Mid Morning,High,"Hiking, Running, Social, Walking, Training, Reduce Stress"
E0289,1000273,Swimming Meetup,2025-05-14,21:15,60,"03291 Madden Ways, Toronto, ON M9A 0A3",M9A 0A3,Late Evening,High,"Weight Training, Running, Social, Swimming, Training, Reduce Stress"
E0290,1000065,Training Meetup,2025-05-18,20:45,60,"671 Cox Curve, Toronto, ON M9A 2V6",M9A 2V6,Late Evening,Low,"Hiking, Social, Swimming, Cycling, Weight Loss, Training"
E0291,1000157,Swimming Meetup,2025-05-17,8:45,75,"467 Debra Inlet, Toronto, ON M9A 0A6",M9A 0A6,Early Morning,Medium,"Team Sports, Improve Health, Running, Swimming, Weight Loss, Reduce Stress"
E0292,1000383,Training Meetup,2025-05-13,13:30,75,"323 Edward Junctions, Toronto, ON M9A 0A3",M9A 0A3,Afternoon,High,"Social, Yoga, Training, Jogging, Reduce Stress, Pilates"
E0293,1000452,Cycling Meetup,2025-05-16,12:00,90,"0062 Christopher Views Apt. 919, Toronto, ON M9A 0A6",M9A 0A6,Lunch,Low,"Improve Health, Hiking, Cycling, Walking, Build Strength, Training"
E0294,1000339,Weight Loss Meetup,2025-05-14,12:00,90,"626 Leonard Motorway Suite 117, Toronto, ON M9A 0A6",M9A 0A6,Mid Morning,Medium,"Team Sports, Improve Health, Hiking, Build Strength, Weight Loss, Jogging"
E0295,1000019,Running Meetup,2025-05-14,8:45,75,"7699 Olson Drives, Toronto, ON M9A 0A4",M9A 0A4,Early Morning,High,"Team Sports, Running, Build Strength, Yoga, Training, Reduce Stress"
E0296,1000348,Weight Loss Meetup,2025-05-14,7:30,75,"7543 Ashley Throughway Apt. 862, Toronto, ON M9A 0B5",M9A 0B5,Early Morning,Medium,"Team Sports, Weight Training, Hiking, Weight Loss, Training, Reduce Stress"
E0297,1000400,Build Strength Meetup,2025-05-15,7:15,60,"00273 Bennett Freeway, Toronto, ON M9A 0B5",M9A 0B5,Early Morning,Low,"Team Sports, Improve Health, Hiking, Cycling, Build Strength, Reduce Stress"
E0298,1000319,Cycling Meetup,2025-05-13,21:30,30,"98232 Ross Canyon, Toronto, ON M9A 0A3",M9A 0A3,Late Evening,Medium,"Social, Swimming, Cycling, Walking, Weight Loss, Training"
E0299,1000202,Pilates Meetup,2025-05-17,21:30,60,"9793 Terri Plains, Toronto, ON M9A 0A6",M9A 0A6,Late Evening,Low,"Improve Health, Pilates, Walking, Build Strength, Training, Group Fitness Class"
E0300,1000077,Yoga Meetup,2025-05-16,12:00,45,"28265 Justin Trace, Toronto, ON M9A 0A5",M9A 0A5,Evening,Medium,"Improve Health, Social, Yoga, Jogging, Reduce Stress, Pilates"
E0301,1000293,Team Sports Meetup,2025-05-14,15:15,60,"03829 Nathan Spring Suite 777, Toronto, ON M9A 0A4",M9A 0A4,Afternoon,High,"Team Sports, Improve Health, Weight Training, Walking, Training, Reduce Stress"
E0302,1000166,Weight Training Meetup,2025-05-14,12:00,90,"886 Jones Drive, Toronto, ON M9A 0B2",M9A 0B2,Lunch,High,"Improve Health, Weight Training, Social, Walking, Jogging, Reduce Stress"
E0303,1000347,Training Meetup,2025-05-13,12:00,75,"528 Robert Shoal, Toronto, ON M9A 0A4",M9A 0A4,Evening,Medium,"Team Sports, Social, Yoga, Training, Reduce Stress, Group Fitness Class"
E0304,1000392,Training Meetup,2025-05-15,8:30,90,"2110 Ballard Lodge, Toronto, ON M9A 0B5",M9A 0B5,Early Morning,Medium,"Weight Training, Build Strength, Training, Jogging, Reduce Stress, Pilates"
E0305,1000183,Group Fitness Class Meetup,2025-05-12,7:15,45,"99130 Daryl Ports Apt. 489, Toronto, ON M9A 0B5",M9A 0B5,Early Morning,Medium,"Improve Health, Weight Training, Social, Yoga, Reduce Stress, Group Fitness Class"
E0306,1000078,Swimming Meetup,2025-05-16,12:00,90,"12901 Nicholas Run, Toronto, ON M9A 0A6",M9A 0A6,Lunch,Low,"Improve Health, Social, Swimming, Yoga, Reduce Stress, Group Fitness Class"
E0307,1000275,Swimming Meetup,2025-05-12,14:30,75,"99701 Steven Mills, Toronto, ON M9A 0A6",M9A 0A6,Afternoon,Low,"Improve Health, Social, Swimming, Walking, Build Strength, Yoga"
E0308,1000306,Hiking Meetup,2025-05-14,21:45,90,"1455 Angela View Apt. 715, Toronto, ON M9A 0A4",M9A 0A4,Late Evening,High,"Improve Health, Hiking, Swimming, Cycling, Weight Loss, Training"
E0309,1000267,Weight Training Meetup,2025-05-15,19:00,120,"927 Williams Fort Apt. 547, Toronto, ON M9A 0A3",M9A 0A3,Late Evening,Low,"Team Sports, Improve Health, Weight Training, Running, Build Strength, Reduce Stress"
E0310,1000010,Hiking Meetup,2025-05-12,12:00,75,"555 Judith Estates Suite 854, Toronto, ON M9A 0A5",M9A 0A5,Evening,Low,"Team Sports, Improve Health, Hiking, Build Strength, Yoga, Reduce Stress"
E0311,1000433,Weight Loss Meetup,2025-05-12,12:00,90,"19552 Matthew Coves, Toronto, ON M9A 0A5",M9A 0A5,Lunch,High,"Running, Cycling, Build Strength, Weight Loss, Reduce Stress, Group Fitness Class"
E0312,1000367,Swimming Meetup,2025-05-13,12:00,90,"801 Carroll Pine Suite 090, Toronto, ON M9A 0B5",M9A 0B5,Evening,Low,"Hiking, Social, Swimming, Walking, Training, Reduce Stress"
E0313,1000019,Team Sports Meetup,2025-05-15,12:00,45,"387 Michael Stream, Toronto, ON M9A 0A5",M9A 0A5,Lunch,Medium,"Team Sports, Running, Build Strength, Yoga, Training, Reduce Stress"
E0314,1000062,Jogging Meetup,2025-05-14,13:45,90,"447 John Parkways Apt. 151, Toronto, ON M9A 0A3",M9A 0A3,Afternoon,High,"Team Sports, Improve Health, Social, Jogging, Reduce Stress, Pilates"
E0315,1000227,Reduce Stress Meetup,2025-05-13,20:15,120,"0449 Cooper Divide, Toronto, ON M9A 0B5",M9A 0B5,Late Evening,High,"Improve Health, Hiking, Running, Cycling, Build Strength, Reduce Stress"
E0316,1000152,Hiking Meetup,2025-05-17,12:00,90,"36392 Martin Mall Suite 148, Toronto, ON M9A 0B5",M9A 0B5,Lunch,Medium,"Improve Health, Hiking, Social, Walking, Yoga, Reduce Stress"
E0317,1000126,Build Strength Meetup,2025-05-18,14:30,60,"54617 Adam Mountains Suite 808, Toronto, ON M9A 0B2",M9A 0B2,Afternoon,Medium,"Hiking, Social, Swimming, Build Strength, Jogging, Reduce Stress"
E0318,1000449,Improve Health Meetup,2025-05-12,12:00,60,"0498 Cole Drive, Toronto, ON M9A 0A5",M9A 0A5,Evening,Low,"Improve Health, Hiking, Social, Walking, Training, Pilates"
E0319,1000212,Social Meetup,2025-05-13,12:00,60,"011 Jeffrey Valleys Apt. 533, Toronto, ON M9A 0A3",M9A 0A3,Mid Morning,Medium,"Team Sports, Weight Training, Social, Build Strength, Weight Loss, Yoga"
E0320,1000200,Improve Health Meetup,2025-05-15,7:45,90,"450 Shannon Squares Suite 993, Toronto, ON M9A 0A5",M9A 0A5,Early Morning,Low,"Improve Health, Weight Training, Swimming, Build Strength, Weight Loss, Yoga"
E0321,1000432,Improve Health Meetup,2025-05-15,12:00,60,"186 Miranda Mills, Toronto, ON M9A 0A4",M9A 0A4,Mid Morning,Low,"Improve Health, Weight Training, Walking, Build Strength, Reduce Stress, Pilates"
E0322,1000058,Hiking Meetup,2025-05-17,12:00,45,"425 Brianna Mountains, Toronto, ON M9A 0A5",M9A 0A5,Lunch,Low,"Improve Health, Weight Training, Hiking, Social, Training, Jogging"
E0323,1000352,Pilates Meetup,2025-05-17,12:00,90,"77351 Melton Ports Suite 684, Toronto, ON M9A 0B5",M9A 0B5,Lunch,Medium,"Improve Health, Hiking, Walking, Build Strength, Weight Loss, Pilates"
E0324,1000074,Running Meetup,2025-05-15,13:15,60,"65220 Willie Street Apt. 035, Toronto, ON M9A 0B2",M9A 0B2,Afternoon,High,"Weight Training, Running, Social, Weight Loss, Jogging, Reduce Stress"
E0325,1000351,Walking Meetup,2025-05-15,15:00,60,"6061 Zachary Canyon Suite 438, Toronto, ON M9A 2V5",M9A 2V5,Afternoon,Low,"Team Sports, Hiking, Walking, Build Strength, Weight Loss, Reduce Stress"
E0326,1000411,Walking Meetup,2025-05-12,19:15,90,"958 Wright Shoals Apt. 671, Toronto, ON M9A 0A3",M9A 0A3,Late Evening,Low,"Improve Health, Social, Walking, Build Strength, Jogging, Pilates"
E0327,1000496,Reduce Stress Meetup,2025-05-12,7:15,90,"457 Jimenez Parkways, Toronto, ON M9A 0A6",M9A 0A6,Early Morning,Low,"Team Sports, Walking, Build Strength, Yoga, Training, Reduce Stress"
E0328,1000117,Hiking Meetup,2025-05-14,12:00,45,"78761 Bradley Rapid, Toronto, ON M9A 2V6",M9A 2V6,Evening,Medium,"Hiking, Swimming, Walking, Weight Loss, Training, Reduce Stress"
E0329,1000209,Build Strength Meetup,2025-05-12,12:00,90,"00255 April Green Apt. 169, Toronto, ON M9A 0A4",M9A 0A4,Lunch,Medium,"Social, Walking, Build Strength, Jogging, Reduce Stress, Pilates"
E0330,1000045,Weight Loss Meetup,2025-05-14,12:00,120,"157 Watkins Mews, Toronto, ON M9A 0B5",M9A 0B5,Lunch,Medium,"Team Sports, Weight Training, Build Strength, Weight Loss, Training, Group Fitness Class"
E0331,1000369,Improve Health Meetup,2025-05-12,12:00,45,"8115 Holmes Parkway Apt. 678, Toronto, ON M9A 0A4",M9A 0A4,Mid Morning,Medium,"Improve Health, Running, Social, Yoga, Training, Group Fitness Class"
E0332,1000133,Reduce Stress Meetup,2025-05-17,20:00,30,"488 James Isle Suite 229, Toronto, ON M9A 2V5",M9A 2V5,Late Evening,Low,"Running, Social, Cycling, Weight Loss, Yoga, Reduce Stress"
E0333,1000212,Yoga Meetup,2025-05-15,12:00,120,"3452 Lauren Causeway Apt. 647, Toronto, ON M9A 2V6",M9A 2V6,Mid Morning,Medium,"Team Sports, Weight Training, Social, Build Strength, Weight Loss, Yoga"
E0334,1000095,Weight Loss Meetup,2025-05-18,14:45,30,"2017 Edward Key Suite 105, Toronto, ON M9A 0A6",M9A 0A6,Afternoon,Medium,"Team Sports, Improve Health, Swimming, Build Strength, Weight Loss, Jogging"
E0335,1000400,Build Strength Meetup,2025-05-18,21:00,90,"560 Carol River Apt. 580, Toronto, ON M9A 0A3",M9A 0A3,Late Evening,Medium,"Team Sports, Improve Health, Hiking, Cycling, Build Strength, Reduce Stress"
E0336,1000061,Team Sports Meetup,2025-05-17,21:00,120,"60840 Carlos Mount, Toronto, ON M9A 0A5",M9A 0A5,Late Evening,Low,"Team Sports, Improve Health, Weight Training, Build Strength, Reduce Stress, Group Fitness Class"
E0337,1000132,Pilates Meetup,2025-05-14,15:15,90,"94852 Wilson Forge Suite 352, Toronto, ON M9A 0A6",M9A 0A6,Afternoon,High,"Improve Health, Running, Cycling, Weight Loss, Training, Pilates"
E0338,1000161,Weight Training Meetup,2025-05-17,12:00,30,"660 Hall Locks Suite 970, Toronto, ON M9A 0B2",M9A 0B2,Evening,Medium,"Weight Training, Social, Cycling, Build Strength, Weight Loss, Group Fitness Class"
E0339,1000053,Reduce Stress Meetup,2025-05-13,12:00,90,"1786 Victoria Well, Toronto, ON M9A 2V5",M9A 2V5,Evening,High,"Team Sports, Improve Health, Swimming, Weight Loss, Reduce Stress, Pilates"
E0340,1000373,Reduce Stress Meetup,2025-05-13,21:00,30,"73703 Owens Loop Suite 961, Toronto, ON M9A 2V6",M9A 2V6,Late Evening,High,"Improve Health, Social, Cycling, Walking, Reduce Stress, Group Fitness Class"
E0341,1000368,Group Fitness Class Meetup,2025-05-15,12:00,75,"331 Barber Corner, Toronto, ON M9A 0A4",M9A 0A4,Lunch,Medium,"Improve Health, Social, Yoga, Jogging, Reduce Stress, Group Fitness Class"
E0342,1000045,Training Meetup,2025-05-18,12:00,90,"561 Curry Village Suite 797, Toronto, ON M9A 0B5",M9A 0B5,Evening,Medium,"Team Sports, Weight Training, Build Strength, Weight Loss, Training, Group Fitness Class"
E0343,1000443,Social Meetup,2025-05-14,12:00,90,"93920 Rojas Lake, Toronto, ON M9A 0B2",M9A 0B2,Mid Morning,High,"Weight Training, Social, Build Strength, Yoga, Training, Pilates"
E0344,1000423,Group Fitness Class Meetup,2025-05-12,12:00,30,"8312 Emily Ways Apt. 065, Toronto, ON M9A 0A5",M9A 0A5,Evening,Medium,"Team Sports, Improve Health, Weight Training, Build Strength, Training, Group Fitness Class"
E0345,1000486,Reduce Stress Meetup,2025-05-13,12:00,60,"469 Debbie Trace Apt. 491, Toronto, ON M9A 0B2",M9A 0B2,Evening,High,"Team Sports, Improve Health, Social, Cycling, Reduce Stress, Pilates"
E0346,1000385,Cycling Meetup,2025-05-17,21:15,120,"48295 Cox Stream Suite 352, Toronto, ON M9A 0A6",M9A 0A6,Late Evening,High,"Improve Health, Running, Cycling, Weight Loss, Training, Pilates"
E0347,1000063,Weight Training Meetup,2025-05-18,12:00,60,"67112 Patterson Road Apt. 404, Toronto, ON M9A 0A6",M9A 0A6,Mid Morning,High,"Improve Health, Weight Training, Build Strength, Weight Loss, Jogging, Pilates"
E0348,1000064,Team Sports Meetup,2025-05-13,12:00,90,"3000 Ball Crescent Apt. 080, Toronto, ON M9A 0A6",M9A 0A6,Evening,Medium,"Team Sports, Improve Health, Weight Training, Build Strength, Training, Pilates"
E0349,1000452,Hiking Meetup,2025-05-14,12:00,45,"62747 Benson Highway Suite 670, Toronto, ON M9A 0A6",M9A 0A6,Lunch,Low,"Improve Health, Hiking, Cycling, Walking, Build Strength, Training"
E0350,1000197,Reduce Stress Meetup,2025-05-17,13:00,120,"1500 Preston Harbors Apt. 840, Toronto, ON M9A 2V5",M9A 2V5,Afternoon,Low,"Social, Walking, Weight Loss, Yoga, Reduce Stress, Group Fitness Class"
E0351,1000445,Group Fitness Class Meetup,2025-05-12,8:45,75,"3488 Arias Alley Suite 405, Toronto, ON M9A 0A6",M9A 0A6,Early Morning,High,"Pilates, Build Strength, Weight Loss, Yoga, Training, Group Fitness Class"
E0352,1000170,Weight Training Meetup,2025-05-17,19:00,30,"67004 Jones Lane, Toronto, ON M9A 2V6",M9A 2V6,Late Evening,High,"Improve Health, Weight Training, Walking, Build Strength, Yoga, Reduce Stress"
E0353,1000024,Training Meetup,2025-05-16,15:30,75,"1406 Meghan Pass, Toronto, ON M9A 0B2",M9A 0B2,Afternoon,High,"Improve Health, Hiking, Running, Cycling, Weight Loss, Training"
E0354,1000470,Improve Health Meetup,2025-05-18,13:45,30,"5765 Gould Springs Apt. 394, Toronto, ON M9A 2V6",M9A 2V6,Afternoon,Low,"Improve Health, Weight Training, Cycling, Walking, Weight Loss, Reduce Stress"
E0355,1000481,Reduce Stress Meetup,2025-05-14,12:00,60,"449 Burke Forest, Toronto, ON M9A 0A5",M9A 0A5,Mid Morning,Low,"Improve Health, Weight Training, Hiking, Weight Loss, Reduce Stress, Pilates"
E0356,1000069,Training Meetup,2025-05-18,12:00,60,"06066 Robertson Roads, Toronto, ON M9A 0A3",M9A 0A3,Evening,Low,"Improve Health, Running, Swimming, Walking, Weight Loss, Training"
E0357,1000273,Running Meetup,2025-05-13,12:00,60,"54276 Juarez Groves, Toronto, ON M9A 2V5",M9A 2V5,Evening,Medium,"Weight Training, Running, Social, Swimming, Training, Reduce Stress"
E0358,1000208,Weight Training Meetup,2025-05-12,12:00,90,"26336 Mark Route, Toronto, ON M9A 0A6",M9A 0A6,Lunch,Low,"Weight Training, Hiking, Social, Walking, Weight Loss, Training"
E0359,1000225,Walking Meetup,2025-05-16,12:00,30,"0825 Roberts Spurs, Toronto, ON M9A 0A3",M9A 0A3,Mid Morning,High,"Improve Health, Walking, Yoga, Training, Jogging, Reduce Stress"
E0360,1000397,Social Meetup,2025-05-14,12:00,75,"9166 Smith Trafficway Suite 190, Toronto, ON M9A 0A5",M9A 0A5,Lunch,Medium,"Team Sports, Improve Health, Social, Weight Loss, Jogging, Pilates"
E0361,1000417,Jogging Meetup,2025-05-16,12:00,120,"2132 Martin Viaduct, Toronto, ON M9A 2V5",M9A 2V5,Lunch,Medium,"Improve Health, Hiking, Yoga, Training, Jogging, Reduce Stress"
E0362,1000386,Build Strength Meetup,2025-05-14,12:00,45,"8604 Angela Gateway, Toronto, ON M9A 0B2",M9A 0B2,Mid Morning,High,"Running, Social, Build Strength, Yoga, Training, Jogging"
E0363,1000407,Jogging Meetup,2025-05-16,8:00,30,"37911 Mark Rapids Apt. 198, Toronto, ON M9A 2V6",M9A 2V6,Early Morning,High,"Weight Training, Social, Weight Loss, Training, Jogging, Group Fitness Class"
E0364,1000101,Team Sports Meetup,2025-05-13,13:30,120,"204 Wade Harbor, Toronto, ON M9A 0A5",M9A 0A5,Afternoon,Medium,"Team Sports, Weight Training, Running, Social, Weight Loss, Reduce Stress"
E0365,1000344,Social Meetup,2025-05-15,12:00,30,"85358 Singh Rapids Apt. 650, Toronto, ON M9A 0B5",M9A 0B5,Lunch,Medium,"Social, Swimming, Cycling, Walking, Weight Loss, Training"
E0366,1000036,Weight Loss Meetup,2025-05-18,12:00,60,"05469 Taylor Park, Toronto, ON M9A 2V5",M9A 2V5,Lunch,High,"Team Sports, Improve Health, Hiking, Walking, Weight Loss, Reduce Stress"
E0367,1000471,Build Strength Meetup,2025-05-18,15:15,75,"7709 Moore Lodge, Toronto, ON M9A 0A4",M9A 0A4,Afternoon,Medium,"Hiking, Social, Walking, Build Strength, Yoga, Training"
E0368,1000050,Team Sports Meetup,2025-05-12,12:00,30,"0726 Smith Mills, Toronto, ON M9A 0A4",M9A 0A4,Lunch,High,"Team Sports, Running, Walking, Weight Loss, Training, Reduce Stress"
E0369,1000332,Improve Health Meetup,2025-05-13,15:45,45,"03370 Devin Springs Apt. 034, Toronto, ON M9A 0B2",M9A 0B2,Afternoon,Low,"Improve Health, Hiking, Running, Build Strength, Yoga, Training"
E0370,1000047,Weight Loss Meetup,2025-05-13,12:00,45,"319 Jackson Green, Toronto, ON M9A 0A4",M9A 0A4,Evening,High,"Improve Health, Swimming, Weight Loss, Yoga, Jogging, Reduce Stress"
E0371,1000115,Jogging Meetup,2025-05-16,13:30,30,"6948 Carl Dale, Toronto, ON M9A 2V6",M9A 2V6,Afternoon,Medium,"Weight Training, Social, Build Strength, Walking, Weight Loss, Jogging"
E0372,1000204,Reduce Stress Meetup,2025-05-18,8:00,75,"2222 Robert Mountains Apt. 789, Toronto, ON M9A 0A5",M9A 0A5,Early Morning,Low,"Team Sports, Weight Training, Social, Build Strength, Reduce Stress, Group Fitness Class"
E0373,1000372,Pilates Meetup,2025-05-17,12:00,75,"485 Klein Mall, Toronto, ON M9A 0A3",M9A 0A3,Lunch,Low,"Group Fitness Class, Cycling, Build Strength, Weight Loss, Training, Pilates"
E0374,1000214,Training Meetup,2025-05-14,12:00,60,"90394 Robert Bypass, Toronto, ON M9A 0A4",M9A 0A4,Evening,Medium,"Running, Swimming, Weight Loss, Training, Reduce Stress, Pilates"
E0375,1000086,Team Sports Meetup,2025-05-13,15:15,120,"9790 Wise Bypass Suite 755, Toronto, ON M9A 0A3",M9A 0A3,Afternoon,Medium,"Team Sports, Improve Health, Hiking, Yoga, Training, Reduce Stress"
E0376,1000176,Improve Health Meetup,2025-05-12,12:00,60,"33748 Joshua Trail Suite 240, Toronto, ON M9A 0B5",M9A 0B5,Mid Morning,Medium,"Improve Health, Group Fitness Class, Cycling, Training, Reduce Stress, Pilates"
E0377,1000357,Reduce Stress Meetup,2025-05-18,21:00,90,"745 Joshua Port Suite 222, Toronto, ON M9A 2V6",M9A 2V6,Late Evening,Low,"Team Sports, Weight Training, Cycling, Build Strength, Training, Reduce Stress"
E0378,1000071,Swimming Meetup,2025-05-16,19:00,90,"2986 Williams Islands, Toronto, ON M9A 0A3",M9A 0A3,Late Evening,Medium,"Social, Swimming, Build Strength, Weight Loss, Jogging, Pilates"
E0379,1000058,Weight Training Meetup,2025-05-16,13:45,45,"345 Daniel Cape, Toronto, ON M9A 2V6",M9A 2V6,Afternoon,Medium,"Improve Health, Weight Training, Hiking, Social, Training, Jogging"
E0380,1000331,Cycling Meetup,2025-05-14,12:00,75,"61513 Steele Common, Toronto, ON M9A 0A3",M9A 0A3,Mid Morning,Medium,"Team Sports, Hiking, Social, Cycling, Weight Loss, Reduce Stress"
E0381,1000351,Build Strength Meetup,2025-05-17,12:00,45,"237 Reilly Club Suite 577, Toronto, ON M9A 0B2",M9A 0B2,Mid Morning,Medium,"Team Sports, Hiking, Walking, Build Strength, Weight Loss, Reduce Stress"
E0382,1000008,Training Meetup,2025-05-12,12:00,75,"10200 Peck Throughway Suite 838, Toronto, ON M9A 0A6",M9A 0A6,Mid Morning,Low,"Improve Health, Weight Training, Hiking, Social, Walking, Training"
E0383,1000413,Weight Training Meetup,2025-05-15,12:00,45,"0746 Daniel Hills, Toronto, ON M9A 0A5",M9A 0A5,Lunch,High,"Weight Training, Social, Swimming, Training, Reduce Stress, Pilates"
E0384,1000390,Reduce Stress Meetup,2025-05-16,12:00,30,"7477 Marquez Cove Suite 732, Toronto, ON M9A 0B2",M9A 0B2,Evening,High,"Swimming, Build Strength, Walking, Weight Loss, Reduce Stress, Pilates"
E0385,1000469,Group Fitness Class Meetup,2025-05-16,19:30,90,"0019 King Place Suite 676, Toronto, ON M9A 0B5",M9A 0B5,Late Evening,Low,"Social, Swimming, Weight Loss, Training, Jogging, Group Fitness Class"
E0386,1000201,Weight Loss Meetup,2025-05-12,14:30,30,"164 Keith Ridges, Toronto, ON M9A 0A6",M9A 0A6,Afternoon,Medium,"Improve Health, Weight Loss, Yoga, Training, Jogging, Pilates"
E0387,1000423,Weight Training Meetup,2025-05-16,14:15,120,"101 Walker Centers Suite 640, Toronto, ON M9A 2V5",M9A 2V5,Afternoon,Medium,"Team Sports, Improve Health, Weight Training, Build Strength, Training, Group Fitness Class"
E0388,1000390,Reduce Stress Meetup,2025-05-13,12:00,90,"04581 Lawrence Avenue Apt. 601, Toronto, ON M9A 0B2",M9A 0B2,Evening,High,"Swimming, Build Strength, Walking, Weight Loss, Reduce Stress, Pilates"
E0389,1000187,Team Sports Meetup,2025-05-18,12:00,60,"27307 Deborah Port, Toronto, ON M9A 0B5",M9A 0B5,Evening,Medium,"Team Sports, Hiking, Social, Walking, Weight Loss, Reduce Stress"
E0390,1000161,Weight Training Meetup,2025-05-12,7:30,90,"9485 Mark Ferry, Toronto, ON M9A 0A6",M9A 0A6,Early Morning,Low,"Weight Training, Social, Cycling, Build Strength, Weight Loss, Group Fitness Class"
E0391,1000069,Walking Meetup,2025-05-13,20:00,120,"7024 Jeremy Parkway, Toronto, ON M9A 0A4",M9A 0A4,Late Evening,Medium,"Improve Health, Running, Swimming, Walking, Weight Loss, Training"
E0392,1000265,Pilates Meetup,2025-05-18,13:15,75,"533 Rachel Field Suite 157, Toronto, ON M9A 0A5",M9A 0A5,Afternoon,High,"Team Sports, Social, Walking, Build Strength, Weight Loss, Pilates"
E0393,1000128,Training Meetup,2025-05-18,20:15,60,"552 Hodge Brook, Toronto, ON M9A 2V6",M9A 2V6,Late Evening,High,"Improve Health, Pilates, Social, Walking, Training, Group Fitness Class"
E0394,1000022,Hiking Meetup,2025-05-18,8:30,75,"7343 Perry Camp Apt. 379, Toronto, ON M9A 0A6",M9A 0A6,Early Morning,Medium,"Improve Health, Weight Training, Hiking, Training, Reduce Stress, Pilates"
E0395,1000146,Weight Training Meetup,2025-05-12,12:15,90,"9729 Steve Key, Toronto, ON M9A 2V6",M9A 2V6,Afternoon,Medium,"Weight Training, Social, Cycling, Build Strength, Weight Loss, Yoga"
E0396,1000027,Build Strength Meetup,2025-05-15,12:00,120,"3666 Thompson Court, Toronto, ON M9A 0B2",M9A 0B2,Mid Morning,Low,"Improve Health, Weight Training, Walking, Build Strength, Jogging, Reduce Stress"
E0397,1000162,Improve Health Meetup,2025-05-15,12:15,30,"68706 Kim Highway, Toronto, ON M9A 0A6",M9A 0A6,Afternoon,Low,"Improve Health, Cycling, Walking, Weight Loss, Yoga, Training"
E0398,1000194,Group Fitness Class Meetup,2025-05-12,20:30,60,"150 Morris Junctions, Toronto, ON M9A 2V6",M9A 2V6,Late Evening,Low,"Swimming, Build Strength, Training, Jogging, Reduce Stress, Group Fitness Class"
E0399,1000321,Hiking Meetup,2025-05-13,12:00,60,"924 Marcus Land Suite 641, Toronto, ON M9A 0B5",M9A 0B5,Lunch,Medium,"Improve Health, Pilates, Hiking, Build Strength, Training, Group Fitness Class"
E0400,1000446,Build Strength Meetup,2025-05-18,7:30,60,"7687 Kara Ferry Apt. 841, Toronto, ON M9A 2V6",M9A 2V6,Early Morning,Low,"Improve Health, Cycling, Walking, Build Strength, Training, Pilates"
E0401,1000450,Reduce Stress Meetup,2025-05-17,8:30,45,"525 Derek Corners, Toronto, ON M9A 0A4",M9A 0A4,Early Morning,High,"Team Sports, Group Fitness Class, Social, Build Strength, Reduce Stress, Pilates"
E0402,1000077,Improve Health Meetup,2025-05-18,12:00,60,"522 Brooks Track, Toronto, ON M9A 0A5",M9A 0A5,Lunch,High,"Improve Health, Social, Yoga, Jogging, Reduce Stress, Pilates"
E0403,1000500,Cycling Meetup,2025-05-13,21:00,120,"32842 Montgomery Squares Apt. 203, Toronto, ON M9A 0A5",M9A 0A5,Late Evening,High,"Improve Health, Weight Training, Cycling, Build Strength, Weight Loss, Yoga"
E0404,1000408,Team Sports Meetup,2025-05-13,12:00,30,"940 Catherine Street Suite 546, Toronto, ON M9A 0A4",M9A 0A4,Lunch,Medium,"Team Sports, Hiking, Social, Swimming, Build Strength, Weight Loss"
E0405,1000110,Swimming Meetup,2025-05-13,7:45,75,"394 Rodriguez Radial Suite 945, Toronto, ON M9A 0A6",M9A 0A6,Early Morning,Medium,"Improve Health, Swimming, Cycling, Walking, Weight Loss, Reduce Stress"
E0406,1000032,Improve Health Meetup,2025-05-13,13:30,75,"826 Clarke Rue, Toronto, ON M9A 2V5",M9A 2V5,Afternoon,Medium,"Improve Health, Running, Weight Loss, Training, Jogging, Group Fitness Class"
E0407,1000487,Social Meetup,2025-05-13,12:00,90,"64564 Frank Trafficway Apt. 498, Toronto, ON M9A 0A3",M9A 0A3,Afternoon,High,"Team Sports, Social, Cycling, Weight Loss, Training, Group Fitness Class"
E0408,1000133,Cycling Meetup,2025-05-12,12:00,30,"7400 Perry Views, Toronto, ON M9A 0A5",M9A 0A5,Lunch,High,"Running, Social, Cycling, Weight Loss, Yoga, Reduce Stress"
E0409,1000305,Social Meetup,2025-05-15,13:15,90,"23836 Morales Coves Apt. 115, Toronto, ON M9A 2V6",M9A 2V6,Afternoon,Medium,"Hiking, Social, Swimming, Cycling, Build Strength, Training"
E0410,1000103,Improve Health Meetup,2025-05-15,13:00,30,"413 Elizabeth Villages Apt. 644, Toronto, ON M9A 0B2",M9A 0B2,Afternoon,Medium,"Improve Health, Cycling, Build Strength, Yoga, Jogging, Reduce Stress"
E0411,1000095,Improve Health Meetup,2025-05-14,7:15,90,"6425 Hopkins Junction, Toronto, ON M9A 0A6",M9A 0A6,Early Morning,Low,"Team Sports, Improve Health, Swimming, Build Strength, Weight Loss, Jogging"
E0412,1000360,Training Meetup,2025-05-17,6:45,30,"965 Amy Overpass, Toronto, ON M9A 0A5",M9A 0A5,Early Morning,Low,"Running, Social, Cycling, Weight Loss, Training, Pilates"
E0413,1000383,Reduce Stress Meetup,2025-05-13,13:45,120,"1150 Laurie Junctions Apt. 563, Toronto, ON M9A 2V6",M9A 2V6,Afternoon,Medium,"Social, Yoga, Training, Jogging, Reduce Stress, Pilates"
E0414,1000333,Yoga Meetup,2025-05-14,7:15,45,"86907 Jeffrey Turnpike, Toronto, ON M9A 0A5",M9A 0A5,Early Morning,Low,"Improve Health, Swimming, Walking, Weight Loss, Yoga, Reduce Stress"
E0415,1000287,Hiking Meetup,2025-05-14,12:00,30,"1774 Oliver Plain, Toronto, ON M9A 0A4",M9A 0A4,Evening,High,"Improve Health, Hiking, Yoga, Training, Reduce Stress, Pilates"
E0416,1000307,Hiking Meetup,2025-05-14,12:00,75,"43114 Ramirez Courts, Toronto, ON M9A 0A5",M9A 0A5,Evening,Medium,"Improve Health, Hiking, Cycling, Build Strength, Training, Group Fitness Class"
E0417,1000101,Social Meetup,2025-05-13,7:30,60,"145 Rhodes Crest Apt. 059, Toronto, ON M9A 0A3",M9A 0A3,Early Morning,High,"Team Sports, Weight Training, Running, Social, Weight Loss, Reduce Stress"
E0418,1000024,Cycling Meetup,2025-05-13,12:00,30,"7975 Campbell Burg Apt. 413, Toronto, ON M9A 2V6",M9A 2V6,Evening,Medium,"Improve Health, Hiking, Running, Cycling, Weight Loss, Training"
E0419,1000041,Group Fitness Class Meetup,2025-05-15,7:45,30,"5867 Ferguson View, Toronto, ON M9A 2V5",M9A 2V5,Early Morning,Low,"Improve Health, Pilates, Swimming, Weight Loss, Training, Group Fitness Class"
E0420,1000437,Weight Training Meetup,2025-05-15,12:00,60,"922 Torres Green, Toronto, ON M9A 2V5",M9A 2V5,Mid Morning,High,"Weight Training, Walking, Build Strength, Weight Loss, Yoga, Training"
E0421,1000378,Swimming Meetup,2025-05-17,8:15,90,"460 Jasmine Port Apt. 935, Toronto, ON M9A 0B5",M9A 0B5,Early Morning,Medium,"Team Sports, Hiking, Swimming, Build Strength, Weight Loss, Reduce Stress"
E0422,1000487,Group Fitness Class Meetup,2025-05-16,21:00,90,"2965 Tran Camp, Toronto, ON M9A 0B2",M9A 0B2,Late Evening,Medium,"Team Sports, Social, Cycling, Weight Loss, Training, Group Fitness Class"
E0423,1000171,Cycling Meetup,2025-05-12,12:00,90,"79084 Paula Wells Suite 469, Toronto, ON M9A 2V5",M9A 2V5,Mid Morning,Low,"Weight Training, Cycling, Walking, Build Strength, Training, Reduce Stress"
E0424,1000166,Weight Training Meetup,2025-05-16,8:30,120,"2162 Gabrielle Ford, Toronto, ON M9A 0A3",M9A 0A3,Early Morning,Low,"Improve Health, Weight Training, Social, Walking, Jogging, Reduce Stress"
E0425,1000062,Reduce Stress Meetup,2025-05-15,12:00,75,"083 Jacobson Row, Toronto, ON M9A 0B2",M9A 0B2,Mid Morning,Low,"Team Sports, Improve Health, Social, Jogging, Reduce Stress, Pilates"
E0426,1000316,Yoga Meetup,2025-05-16,12:00,30,"6650 Margaret Spring, Toronto, ON M9A 0A4",M9A 0A4,Evening,High,"Improve Health, Hiking, Social, Yoga, Training, Group Fitness Class"
E0427,1000026,Weight Training Meetup,2025-05-17,6:00,120,"904 Anthony Burgs Apt. 184, Toronto, ON M9A 0B5",M9A 0B5,Early Morning,Medium,"Improve Health, Weight Training, Cycling, Weight Loss, Yoga, Training"
E0428,1000246,Weight Loss Meetup,2025-05-15,12:00,45,"688 Hill Keys Suite 054, Toronto, ON M9A 2V5",M9A 2V5,Mid Morning,High,"Improve Health, Social, Weight Loss, Yoga, Jogging, Pilates"
E0429,1000036,Weight Loss Meetup,2025-05-13,12:00,75,"619 Cody Viaduct, Toronto, ON M9A 0A3",M9A 0A3,Evening,Low,"Team Sports, Improve Health, Hiking, Walking, Weight Loss, Reduce Stress"
E0430,1000416,Improve Health Meetup,2025-05-18,12:00,30,"70969 Daniel Roads, Toronto, ON M9A 0A3",M9A 0A3,Mid Morning,Medium,"Improve Health, Walking, Weight Loss, Jogging, Reduce Stress, Group Fitness Class"
E0431,1000087,Weight Loss Meetup,2025-05-14,12:00,30,"910 Mccullough Highway Apt. 552, Toronto, ON M9A 2V6",M9A 2V6,Lunch,Low,"Team Sports, Social, Walking, Weight Loss, Training, Group Fitness Class"
E0432,1000304,Build Strength Meetup,2025-05-12,19:00,90,"56075 Gomez Point Apt. 365, Toronto, ON M9A 2V5",M9A 2V5,Late Evening,Low,"Social, Walking, Build Strength, Yoga, Training, Pilates"
E0433,1000185,Group Fitness Class Meetup,2025-05-13,6:00,90,"41889 Rivera Trail, Toronto, ON M9A 2V5",M9A 2V5,Early Morning,Medium,"Pilates, Social, Swimming, Training, Reduce Stress, Group Fitness Class"
E0434,1000032,Training Meetup,2025-05-15,8:30,45,"536 John Squares, Toronto, ON M9A 0A5",M9A 0A5,Early Morning,Medium,"Improve Health, Running, Weight Loss, Training, Jogging, Group Fitness Class"
E0435,1000090,Jogging Meetup,2025-05-15,7:45,60,"873 Anthony Hill Apt. 714, Toronto, ON M9A 2V6",M9A 2V6,Early Morning,High,"Improve Health, Social, Build Strength, Yoga, Jogging, Group Fitness Class"
E0436,1000196,Social Meetup,2025-05-12,12:00,120,"75749 Jason Branch Apt. 200, Toronto, ON M9A 0A5",M9A 0A5,Afternoon,High,"Running, Social, Swimming, Weight Loss, Reduce Stress, Group Fitness Class"
E0437,1000289,Improve Health Meetup,2025-05-17,12:45,90,"93745 John Crossroad Suite 614, Toronto, ON M9A 0B5",M9A 0B5,Afternoon,High,"Improve Health, Hiking, Swimming, Walking, Weight Loss, Training"
E0438,1000036,Hiking Meetup,2025-05-18,12:00,45,"378 Annette Knoll, Toronto, ON M9A 0A3",M9A 0A3,Evening,Low,"Team Sports, Improve Health, Hiking, Walking, Weight Loss, Reduce Stress"
E0439,1000021,Improve Health Meetup,2025-05-15,12:00,60,"27219 George Pines Suite 413, Toronto, ON M9A 0A4",M9A 0A4,Mid Morning,High,"Improve Health, Group Fitness Class, Social, Build Strength, Jogging, Pilates"
E0440,1000468,Group Fitness Class Meetup,2025-05-18,7:15,75,"5779 Thomas Valleys, Toronto, ON M9A 2V5",M9A 2V5,Early Morning,Medium,"Weight Training, Social, Walking, Build Strength, Training, Group Fitness Class"
E0441,1000369,Training Meetup,2025-05-13,6:00,60,"7979 Theresa Throughway Suite 538, Toronto, ON M9A 0A5",M9A 0A5,Early Morning,Medium,"Improve Health, Running, Social, Yoga, Training, Group Fitness Class"
E0442,1000463,Weight Loss Meetup,2025-05-17,6:30,120,"25861 Hunter Ranch, Toronto, ON M9A 2V5",M9A 2V5,Early Morning,Medium,"Improve Health, Weight Training, Swimming, Build Strength, Weight Loss, Pilates"
E0443,1000069,Training Meetup,2025-05-15,12:00,120,"374 Rebecca Burg, Toronto, ON M9A 0B2",M9A 0B2,Evening,Medium,"Improve Health, Running, Swimming, Walking, Weight Loss, Training"
E0444,1000065,Hiking Meetup,2025-05-18,12:00,90,"201 Deborah Inlet Suite 147, Toronto, ON M9A 0B2",M9A 0B2,Lunch,High,"Hiking, Social, Swimming, Cycling, Weight Loss, Training"
E0445,1000346,Hiking Meetup,2025-05-15,14:30,60,"707 Graham Overpass Suite 153, Toronto, ON M9A 0A6",M9A 0A6,Afternoon,High,"Weight Training, Hiking, Weight Loss, Yoga, Training, Reduce Stress"
E0446,1000280,Running Meetup,2025-05-17,12:00,75,"054 Hoover Mountains Suite 296, Toronto, ON M9A 0A6",M9A 0A6,Mid Morning,High,"Improve Health, Running, Social, Cycling, Weight Loss, Yoga"
E0447,1000108,Social Meetup,2025-05-16,12:00,60,"34853 Smith Drives Apt. 244, Toronto, ON M9A 0A3",M9A 0A3,Lunch,High,"Weight Training, Social, Build Strength, Weight Loss, Yoga, Group Fitness Class"
E0448,1000180,Weight Training Meetup,2025-05-15,6:45,90,"6205 Bryant Parks, Toronto, ON M9A 0B5",M9A 0B5,Early Morning,Medium,"Weight Training, Swimming, Build Strength, Training, Reduce Stress, Group Fitness Class"
E0449,1000253,Training Meetup,2025-05-14,12:00,45,"003 Baker Camp Suite 312, Toronto, ON M9A 0A4",M9A 0A4,Lunch,High,"Team Sports, Walking, Build Strength, Training, Reduce Stress, Group Fitness Class"
E0450,1000358,Cycling Meetup,2025-05-16,12:00,120,"8700 Shannon Via, Toronto, ON M9A 0A4",M9A 0A4,Evening,Medium,"Team Sports, Improve Health, Social, Cycling, Jogging, Reduce Stress"
E0451,1000358,Cycling Meetup,2025-05-12,21:15,30,"29682 Johnson Divide, Toronto, ON M9A 0A5",M9A 0A5,Late Evening,Medium,"Team Sports, Improve Health, Social, Cycling, Jogging, Reduce Stress"
E0452,1000340,Social Meetup,2025-05-15,21:00,60,"61879 Sarah Inlet, Toronto, ON M9A 0B5",M9A 0B5,Late Evening,High,"Pilates, Social, Build Strength, Yoga, Training, Group Fitness Class"
E0453,1000214,Training Meetup,2025-05-17,7:00,30,"96033 Rogers Pine Apt. 436, Toronto, ON M9A 0A5",M9A 0A5,Early Morning,Low,"Running, Swimming, Weight Loss, Training, Reduce Stress, Pilates"
E0454,1000164,Weight Loss Meetup,2025-05-17,20:15,120,"0080 Tracy Forks Suite 410, Toronto, ON M9A 2V6",M9A 2V6,Late Evening,Low,"Team Sports, Hiking, Social, Build Strength, Weight Loss, Group Fitness Class"
E0455,1000046,Weight Training Meetup,2025-05-12,19:15,60,"6956 Jennifer Extensions, Toronto, ON M9A 2V5",M9A 2V5,Late Evening,High,"Team Sports, Weight Training, Build Strength, Weight Loss, Yoga, Reduce Stress"
E0456,1000045,Weight Training Meetup,2025-05-17,12:00,120,"343 Russell Valleys Apt. 943, Toronto, ON M9A 0A3",M9A 0A3,Lunch,Low,"Team Sports, Weight Training, Build Strength, Weight Loss, Training, Group Fitness Class"
E0457,1000455,Improve Health Meetup,2025-05-12,12:00,75,"6262 Gomez Springs, Toronto, ON M9A 2V6",M9A 2V6,Mid Morning,Medium,"Team Sports, Improve Health, Running, Social, Training, Group Fitness Class"
E0458,1000466,Build Strength Meetup,2025-05-18,12:00,30,"82434 James Fords Apt. 217, Toronto, ON M9A 2V6",M9A 2V6,Lunch,High,"Improve Health, Cycling, Build Strength, Walking, Training, Group Fitness Class"
E0459,1000360,Weight Loss Meetup,2025-05-17,12:00,30,"529 Patrick Rue, Toronto, ON M9A 0A3",M9A 0A3,Mid Morning,High,"Running, Social, Cycling, Weight Loss, Training, Pilates"
E0460,1000319,Walking Meetup,2025-05-15,21:15,90,"0522 Harris Ways, Toronto, ON M9A 0A6",M9A 0A6,Late Evening,High,"Social, Swimming, Cycling, Walking, Weight Loss, Training"
E0461,1000056,Walking Meetup,2025-05-12,21:15,45,"226 Baker Circle, Toronto, ON M9A 2V6",M9A 2V6,Late Evening,Medium,"Social, Walking, Yoga, Training, Reduce Stress, Group Fitness Class"
E0462,1000011,Pilates Meetup,2025-05-13,12:00,120,"8016 Suzanne Springs Apt. 873, Toronto, ON M9A 2V5",M9A 2V5,Evening,High,"Hiking, Running, Social, Build Strength, Training, Pilates"
E0463,1000132,Weight Loss Meetup,2025-05-14,13:30,120,"694 Baldwin Oval Suite 290, Toronto, ON M9A 0A3",M9A 0A3,Afternoon,Low,"Improve Health, Running, Cycling, Weight Loss, Training, Pilates"
E0464,1000285,Improve Health Meetup,2025-05-12,19:15,30,"93545 Saunders Stravenue, Toronto, ON M9A 2V6",M9A 2V6,Late Evening,High,"Improve Health, Running, Cycling, Training, Reduce Stress, Pilates"
E0465,1000217,Running Meetup,2025-05-16,6:00,120,"4408 Campbell Gateway Suite 171, Toronto, ON M9A 0B5",M9A 0B5,Early Morning,High,"Team Sports, Improve Health, Running, Social, Yoga, Training"
E0466,1000340,Yoga Meetup,2025-05-16,12:00,75,"792 Charles Keys Apt. 728, Toronto, ON M9A 0A3",M9A 0A3,Mid Morning,High,"Pilates, Social, Build Strength, Yoga, Training, Group Fitness Class"
E0467,1000222,Swimming Meetup,2025-05-16,19:00,45,"12101 Matthew Tunnel Apt. 322, Toronto, ON M9A 0B5",M9A 0B5,Late Evening,Medium,"Improve Health, Weight Training, Swimming, Cycling, Build Strength, Weight Loss"
E0468,1000353,Build Strength Meetup,2025-05-15,14:00,75,"60851 Lopez Land, Toronto, ON M9A 0A4",M9A 0A4,Afternoon,High,"Team Sports, Weight Training, Build Strength, Weight Loss, Yoga, Reduce Stress"
E0469,1000395,Jogging Meetup,2025-05-13,12:00,75,"00982 Karen Gateway Suite 147, Toronto, ON M9A 0A3",M9A 0A3,Lunch,Medium,"Team Sports, Social, Build Strength, Yoga, Training, Jogging"
E0470,1000022,Weight Training Meetup,2025-05-12,19:45,90,"20725 Garrett River Suite 935, Toronto, ON M9A 2V5",M9A 2V5,Late Evening,Medium,"Improve Health, Weight Training, Hiking, Training, Reduce Stress, Pilates"
E0471,1000217,Social Meetup,2025-05-14,12:00,60,"1735 Anna Way Suite 724, Toronto, ON M9A 0A4",M9A 0A4,Lunch,Low,"Team Sports, Improve Health, Running, Social, Yoga, Training"
E0472,1000176,Training Meetup,2025-05-12,8:15,75,"92799 Anthony Wells Apt. 485, Toronto, ON M9A 0A4",M9A 0A4,Early Morning,Medium,"Improve Health, Group Fitness Class, Cycling, Training, Reduce Stress, Pilates"
E0473,1000199,Reduce Stress Meetup,2025-05-18,19:45,30,"9942 Jason Courts Apt. 381, Toronto, ON M9A 2V5",M9A 2V5,Late Evening,High,"Cycling, Walking, Build Strength, Training, Reduce Stress, Group Fitness Class"
E0474,1000023,Build Strength Meetup,2025-05-12,21:00,30,"95228 Oconnor Squares, Toronto, ON M9A 0A3",M9A 0A3,Late Evening,Medium,"Improve Health, Weight Training, Walking, Build Strength, Reduce Stress, Group Fitness Class"
E0475,1000379,Swimming Meetup,2025-05-16,12:00,120,"16695 Jackson Mission, Toronto, ON M9A 2V5",M9A 2V5,Evening,High,"Improve Health, Swimming, Build Strength, Training, Jogging, Group Fitness Class"
E0476,1000383,Jogging Meetup,2025-05-14,12:00,30,"2285 Dana Parks Suite 064, Toronto, ON M9A 0A6",M9A 0A6,Lunch,High,"Social, Yoga, Training, Jogging, Reduce Stress, Pilates"
E0477,1000096,Build Strength Meetup,2025-05-12,6:00,90,"070 Autumn Summit Apt. 786, Toronto, ON M9A 0A6",M9A 0A6,Early Morning,High,"Team Sports, Improve Health, Weight Training, Build Strength, Training, Pilates"
E0478,1000423,Training Meetup,2025-05-13,8:30,90,"80157 Briggs Courts Suite 082, Toronto, ON M9A 0A5",M9A 0A5,Early Morning,Medium,"Team Sports, Improve Health, Weight Training, Build Strength, Training, Group Fitness Class"
E0479,1000310,Weight Training Meetup,2025-05-15,21:30,90,"64610 Lewis Squares, Toronto, ON M9A 0A3",M9A 0A3,Late Evening,High,"Weight Training, Build Strength, Weight Loss, Yoga, Training, Pilates"
E0480,1000425,Jogging Meetup,2025-05-16,15:15,30,"5456 Todd Ports, Toronto, ON M9A 2V6",M9A 2V6,Afternoon,Medium,"Improve Health, Hiking, Weight Loss, Training, Jogging, Pilates"
E0481,1000040,Walking Meetup,2025-05-17,6:45,45,"0809 Campbell Station Apt. 989, Toronto, ON M9A 2V5",M9A 2V5,Early Morning,Medium,"Improve Health, Social, Cycling, Walking, Weight Loss, Group Fitness Class"
E0482,1000025,Weight Training Meetup,2025-05-13,12:00,120,"8282 Porter Cape, Toronto, ON M9A 0B2",M9A 0B2,Evening,Medium,"Improve Health, Weight Training, Social, Cycling, Walking, Weight Loss"
E0483,1000305,Training Meetup,2025-05-17,12:00,30,"3810 Andrew Ridges, Toronto, ON M9A 0B2",M9A 0B2,Lunch,High,"Hiking, Social, Swimming, Cycling, Build Strength, Training"
E0484,1000493,Team Sports Meetup,2025-05-16,8:00,30,"3159 Scott Locks, Toronto, ON M9A 0A4",M9A 0A4,Early Morning,Low,"Team Sports, Improve Health, Build Strength, Yoga, Jogging, Reduce Stress"
E0485,1000056,Yoga Meetup,2025-05-13,12:00,45,"9627 Guerrero Spurs, Toronto, ON M9A 2V5",M9A 2V5,Lunch,Low,"Social, Walking, Yoga, Training, Reduce Stress, Group Fitness Class"
E0486,1000356,Jogging Meetup,2025-05-14,15:30,75,"8884 George Lock Suite 029, Toronto, ON M9A 0A4",M9A 0A4,Afternoon,Medium,"Improve Health, Group Fitness Class, Build Strength, Training, Jogging, Pilates"
E0487,1000190,Reduce Stress Meetup,2025-05-12,12:00,30,"94899 Wilcox Well Apt. 131, Toronto, ON M9A 0A3",M9A 0A3,Lunch,High,"Social, Swimming, Cycling, Build Strength, Yoga, Reduce Stress"
E0488,1000348,Training Meetup,2025-05-17,8:00,30,"0864 Hubbard Rue Apt. 122, Toronto, ON M9A 2V6",M9A 2V6,Early Morning,Medium,"Team Sports, Weight Training, Hiking, Weight Loss, Training, Reduce Stress"
E0489,1000343,Weight Loss Meetup,2025-05-18,12:00,90,"330 Marvin Garden Suite 450, Toronto, ON M9A 2V5",M9A 2V5,Mid Morning,Low,"Cycling, Build Strength, Walking, Weight Loss, Training, Group Fitness Class"
E0490,1000082,Hiking Meetup,2025-05-18,12:00,120,"745 Grant Avenue Suite 143, Toronto, ON M9A 0A3",M9A 0A3,Mid Morning,Low,"Hiking, Social, Walking, Weight Loss, Yoga, Training"
E0491,1000469,Swimming Meetup,2025-05-16,12:00,90,"83328 Penny Ville Apt. 748, Toronto, ON M9A 0A6",M9A 0A6,Mid Morning,High,"Social, Swimming, Weight Loss, Training, Jogging, Group Fitness Class"
E0492,1000118,Build Strength Meetup,2025-05-14,12:00,45,"7350 Rios Pines, Toronto, ON M9A 2V6",M9A 2V6,Mid Morning,High,"Team Sports, Improve Health, Running, Build Strength, Jogging, Reduce Stress"
E0493,1000309,Running Meetup,2025-05-16,12:00,75,"755 Christopher Glens Suite 123, Toronto, ON M9A 0B2",M9A 0B2,Evening,Medium,"Weight Training, Running, Social, Weight Loss, Reduce Stress, Pilates"
E0494,1000128,Training Meetup,2025-05-12,21:15,120,"254 Perkins Island, Toronto, ON M9A 0A4",M9A 0A4,Late Evening,High,"Improve Health, Pilates, Social, Walking, Training, Group Fitness Class"
E0495,1000118,Jogging Meetup,2025-05-13,8:30,60,"577 Martinez Harbor Suite 426, Toronto, ON M9A 2V6",M9A 2V6,Early Morning,Low,"Team Sports, Improve Health, Running, Build Strength, Jogging, Reduce Stress"
E0496,1000222,Build Strength Meetup,2025-05-13,12:00,75,"58910 Collins Coves Apt. 018, Toronto, ON M9A 0A4",M9A 0A4,Mid Morning,Medium,"Improve Health, Weight Training, Swimming, Cycling, Build Strength, Weight Loss"
E0497,1000271,Team Sports Meetup,2025-05-13,21:00,90,"550 Clark Stream, Toronto, ON M9A 0A3",M9A 0A3,Late Evening,Low,"Team Sports, Improve Health, Social, Cycling, Build Strength, Yoga"
E0498,1000268,Running Meetup,2025-05-14,15:15,120,"90481 Schneider Dam, Toronto, ON M9A 0A6",M9A 0A6,Afternoon,High,"Running, Social, Walking, Weight Loss, Jogging, Reduce Stress"
E0499,1000384,Weight Loss Meetup,2025-05-13,12:00,45,"912 Ashley Islands Apt. 060, Toronto, ON M9A 0A5",M9A 0A5,Evening,Low,"Team Sports, Weight Training, Weight Loss, Training, Jogging, Reduce Stress"
E0500,1000204,Build Strength Meetup,2025-05-15,21:45,45,"839 Nguyen Square Suite 311, Toronto, ON M9A 0A6",M9A 0A6,Late Evening,Medium,"Team Sports, Weight Training, Social, Build Strength, Reduce Stress, Group Fitness Class"
